name,category,brand,sku,store,base_size,size,unit_type,unit_value,old_price,current_price,discount,price_per_unit,date,link
naivas fino uht milk 500ml,Milk,Naivas,MilkNaivas500ml,Naivas,500ml,500.0,litres,0.5,0.0,60.0,0.0,120.0,2026-09-21,https://www.naivas.online/naivas-fino-uht-milk-500ml
ilara fresh milk 500ml-pouch,Milk,Ilara,MilkIlara500ml,Naivas,500ml,500.0,litres,0.5,0.0,61.0,0.0,122.0,2026-09-21,https://www.naivas.online/ilara-fresh-milk-500ml-pouch
fresha whole milk 5ltr,Milk,Fresha,MilkFresha5l,Naivas,5l,5.0,litres,5.0,0.0,600.0,0.0,120.0,2026-09-21,https://www.naivas.online/fresha-whole-milk-5ltr
mt.kenya uht milk 500ml pouch,Milk,Mt. Kenya,MilkMt. Kenya500ml,Naivas,500ml,500.0,litres,0.5,0.0,62.0,0.0,124.0,2026-09-21,https://www.naivas.online/mtkenya-uht-milk-500ml-pouch
bio fresh whole milk 2 l,Milk,BioFood,MilkBioFood2l,Naivas,2l,2.0,litres,2.0,0.0,329.0,0.0,164.5,2026-09-21,https://www.naivas.online/bio-fresh-whole-milk-2-l
brookside full cream milk powder 900g,Milk,Brookside,MilkBrookside900g,Naivas,900g,900.0,kg,0.9,0.0,1056.0,0.0,1173.3333333333333,2026-09-21,https://www.naivas.online/brookside-full-cream-milk-powder-900g
nestle' nan 3 probiotic milk 400g,Milk,Nestle,MilkNestle400g,Naivas,400g,400.0,kg,0.4,0.0,2060.0,0.0,5150.0,2026-09-21,https://www.naivas.online/nestle-nan-3-probiotic-milk-400g
fresha whole milk tr 500ml,Milk,Fresha,MilkFresha500ml,Naivas,500ml,500.0,litres,0.5,0.0,53.0,0.0,106.0,2026-09-21,https://www.naivas.online/fresha-whole-milk-tr-500ml
momeasy breast milk storage bags 200ml 45800,Milk,Momeasy,MilkMomeasy200ml,Naivas,200ml,200.0,litres,0.2,0.0,725.0,0.0,3625.0,2026-09-21,https://www.naivas.online/momeasy-breast-milk-storage-bags-200ml-45800
morning dew goat milk 500ml,Milk,Morning,MilkMorning500ml,Naivas,500ml,500.0,litres,0.5,0.0,170.0,0.0,340.0,2026-09-21,https://www.naivas.online/morning-dew-goat-milk-500ml
molo uht milk 500ml tfa,Milk,Molo,MilkMolo500ml,Naivas,500ml,500.0,litres,0.5,0.0,59.0,0.0,118.0,2026-09-21,https://www.naivas.online/molo-uht-milk-500ml-tfa
brookside uht milk 1 ltr,Milk,Brookside,MilkBrookside1l,Naivas,1l,1.0,litres,1.0,0.0,164.0,0.0,164.0,2026-09-21,https://www.naivas.online/brookside-uht-milk-1-ltr
k.c.c taifa f/milk 500ml pouch,Milk,KCC,MilkKCC500ml,Naivas,500ml,500.0,litres,0.5,0.0,56.0,0.0,112.0,2026-09-21,https://www.naivas.online/kcc-taifa-fresh-milk-500ml-pouch
tuzo uht esl 450ml,Milk,Tuzo,MilkTuzo450ml,Naivas,450ml,450.0,litres,0.45,0.0,55.0,0.0,122.22222222222221,2026-09-21,https://www.naivas.online/tuzo-uht-esl-450ml
daima uht fino bora 500ml,Milk,Daima,MilkDaima500ml,Naivas,500ml,500.0,litres,0.5,0.0,60.0,0.0,120.0,2026-09-21,https://www.naivas.online/daima-uht-fino-bora-500-ml
fresha maisha l/life uht 250ml,Milk,Fresha,MilkFresha250ml,Naivas,250ml,250.0,litres,0.25,0.0,34.0,0.0,136.0,2026-09-21,https://www.naivas.online/fresha-maisha-long-life-uht-250ml
yenbu milk honey body wash 500ml,Milk,Yenbu,MilkYenbu500ml,Naivas,500ml,500.0,litres,0.5,0.0,449.0,0.0,898.0,2026-09-21,https://www.naivas.online/yenbu-milk-honey-body-wash-500ml
festive milky loaf 400gm,Milk,Festive,MilkFestive400g,Naivas,400g,400.0,kg,0.4,65.0,62.0,3.0,155.0,2026-09-21,https://www.naivas.online/festive-milky-loaf-400gm
festive milky white bread 800g,Milk,Festive,MilkFestive800g,Naivas,800g,800.0,kg,0.8,130.0,128.0,2.0,160.0,2026-09-21,https://www.naivas.online/festive-milky-white-bread-800g
cadbury dairy milk oreo 95g,Milk,Cadbury,MilkCadbury95g,Naivas,95g,95.0,kg,0.095,0.0,299.0,0.0,3147.3684210526317,2026-09-21,https://www.naivas.online/cadbury-dairy-milk-oreo-95g
dairyland dark milk chocolate 40g,Milk,Dairyland,MilkDairyland40g,Naivas,40g,40.0,kg,0.04,120.0,95.0,25.0,2375.0,2026-09-21,https://www.naivas.online/dairyland-dark-milk-chocolate-40g
geisha soap coconut milk & honey 200g,Milk,Geisha,MilkGeisha200g,Naivas,200g,200.0,kg,0.2,0.0,110.0,0.0,550.0,2026-09-21,https://www.naivas.online/geisha-soap-coconut-milk-honey-225-g
nestle' cerelac banana with milk 7 months+ 200g,Milk,Nestle,MilkNestle200g,Naivas,200g,200.0,kg,0.2,0.0,465.0,0.0,2325.0,2026-09-21,https://www.naivas.online/nestle-cerelac-banana-with-milk-7-months-200g
geisha long lasting soap coconut milk and honey value pack 3x200g,Milk,Geisha,MilkGeisha200g,Naivas,200g,200.0,kg,0.2,0.0,335.0,0.0,1675.0,2026-09-21,https://www.naivas.online/geisha-long-lasting-soap-coconut-milk-and-honey-value-pack-3x200g
mumias sugar packed 2 kg,Sugar,Generic,Sugar2kg,Naivas,2kg,2.0,kg,2.0,0.0,305.0,0.0,152.5,2026-09-21,https://www.naivas.online/mumias-sugar-packed-2-kg
nutrameal packed sugar white 2kg,Sugar,Generic,Sugar2kg,Naivas,2kg,2.0,kg,2.0,0.0,305.0,0.0,152.5,2026-09-21,https://www.naivas.online/nutrameal-packed-sugar-white-2kg
naivas local sugar white 1kg,Sugar,Generic,Sugar1kg,Naivas,1kg,1.0,kg,1.0,0.0,150.0,0.0,150.0,2026-09-21,https://www.naivas.online/naivas-local-sugar-white-1kg
nutrameal packed sugar white 1kg,Sugar,Generic,Sugar1kg,Naivas,1kg,1.0,kg,1.0,0.0,155.0,0.0,155.0,2026-09-21,https://www.naivas.online/nutrameal-packed-sugar-white-1kg
kabras packed sugar white 2kg,Sugar,Generic,Sugar2kg,Naivas,2kg,2.0,kg,2.0,0.0,305.0,0.0,152.5,2026-09-21,https://www.naivas.online/kabras-packed-sugar-white-2kg
kabras packed sugar white 1kg,Sugar,Generic,Sugar1kg,Naivas,1kg,1.0,kg,1.0,0.0,155.0,0.0,155.0,2026-09-21,https://www.naivas.online/kabras-packed-sugar-white-1kg
broadways white sliced bread 400g,Bread,Generic,Bread400g,Naivas,400g,400.0,kg,0.4,68.0,65.0,3.0,162.5,2026-09-21,https://www.naivas.online/broadways-white-sliced-bread-400g
fresh white bread 800gm,Bread,Generic,Bread800g,Naivas,800g,800.0,kg,0.8,0.0,117.0,0.0,146.25,2026-09-21,https://www.naivas.online/fm-white-bread-800gm
fresh white bread 600g,Bread,Generic,Bread600g,Naivas,600g,600.0,kg,0.6,0.0,89.0,0.0,148.33333333333334,2026-09-21,https://www.naivas.online/fm-white-bread-600g
fresh wholemeal bread 400g,Bread,Generic,Bread400g,Naivas,400g,400.0,kg,0.4,0.0,58.0,0.0,145.0,2026-09-21,https://www.naivas.online/fm-wholemeal-bread-400g
fresh wholemeal bread 800g,Bread,Generic,Bread800g,Naivas,800g,800.0,kg,0.8,0.0,118.0,0.0,147.5,2026-09-21,https://www.naivas.online/fm-wholemeal-bread-800g
fresh wholemeal bread 600g,Bread,Generic,Bread600g,Naivas,600g,600.0,kg,0.6,0.0,90.0,0.0,150.0,2026-09-21,https://www.naivas.online/fm-wholemeal-bread-600g
broadways white sliced bread 400g,Bread,Generic,Bread400g,Naivas,400g,400.0,kg,0.4,68.0,65.0,3.0,162.5,2026-09-21,https://www.naivas.online/broadways-white-sliced-bread-400g
supa brown barrel bread 600g,Bread,Generic,Bread600g,Naivas,600g,600.0,kg,0.6,0.0,100.0,0.0,166.66666666666669,2026-09-21,https://www.naivas.online/supa-brown-barrel-bread-600g
supa loaf family bread 600g,Bread,Generic,Bread600g,Naivas,600g,600.0,kg,0.6,100.0,97.0,3.0,161.66666666666669,2026-09-21,https://www.naivas.online/supa-loaf-family-bread-600g
broadway brown sandwich sliced bread 600g,Bread,Generic,Bread600g,Naivas,600g,600.0,kg,0.6,101.0,98.0,3.0,163.33333333333334,2026-09-21,https://www.naivas.online/broadway-brown-sandwich-sliced-bread-600g
festive milky white bread 800g,Milk,Festive,MilkFestive800g,Naivas,800g,800.0,kg,0.8,130.0,128.0,2.0,160.0,2026-09-21,https://www.naivas.online/festive-milky-white-bread-800g
fresh five grain bread 400g,Bread,Generic,Bread400g,Naivas,400g,400.0,kg,0.4,165.0,119.0,46.0,297.5,2026-09-21,https://www.naivas.online/Fresh-Five-Grain-Bread-400G
festive milky loaf 400gm,Milk,Festive,MilkFestive400g,Naivas,400g,400.0,kg,0.4,65.0,62.0,3.0,155.0,2026-09-21,https://www.naivas.online/festive-milky-loaf-400gm
blueband spread for bread low fat 500g,Bread,Generic,Bread500g,Naivas,500g,500.0,kg,0.5,200.0,180.0,20.0,360.0,2026-09-21,https://www.naivas.online/blueband-spread-for-bread-low-fat-500g
ajab home baking flour 2kg,Wheat Flour,Generic,Wheat Flour2kg,Naivas,2kg,2.0,kg,2.0,0.0,182.0,0.0,91.0,2026-09-21,https://www.naivas.online/ajab-home-baking-flour-2kg
momeasy breast milk storage bags 200ml 45800,Milk,Momeasy,MilkMomeasy200ml,Naivas,200ml,200.0,litres,0.2,0.0,725.0,0.0,3625.0,2026-09-21,https://www.naivas.online/momeasy-breast-milk-storage-bags-200ml-45800
cil aromatic brown rice 1kg,Rice,Generic,Rice1kg,Naivas,1kg,1.0,kg,1.0,0.0,349.0,0.0,349.0,2026-09-21,https://www.naivas.online/cil-aromatic-brown-rice-1kg
sunrice basmati rice 5kg,Rice,Generic,Rice5kg,Naivas,5kg,5.0,kg,5.0,1825.0,1399.0,426.0,279.8,2026-09-21,https://www.naivas.online/sunrice-basmati-rice-5kg
jamii pure mwea pishori rice 5kg,Rice,Generic,Rice5kg,Naivas,5kg,5.0,kg,5.0,1450.0,999.0,451.0,199.8,2026-09-21,https://www.naivas.online/jamii-pure-mwea-pishori-rice-5kg
soko maize meal 2kg,Maize Meal,Generic,Maize Meal2kg,Naivas,2kg,2.0,kg,2.0,162.0,149.0,13.0,74.5,2026-09-21,https://www.naivas.online/soko-maize-meal-2kg
amaize premium maize meal 2kg,Maize Meal,Generic,Maize Meal2kg,Naivas,2kg,2.0,kg,2.0,195.0,179.0,16.0,89.5,2026-09-21,https://www.naivas.online/amaize-premium-maize-meal-2kg
masterchef cooking oil 1ltr,Cooking Oil,Generic,Cooking Oil1l,Naivas,1l,1.0,litres,1.0,370.0,319.0,51.0,319.0,2026-09-21,https://www.naivas.online/masterchef-cooking-oil-1ltr
masterchef cooking oil 5ltr,Cooking Oil,Generic,Cooking Oil5l,Naivas,5l,5.0,litres,5.0,1640.0,1285.0,355.0,257.0,2026-09-21,https://www.naivas.online/masterchef-cooking-oil-5ltr
fresh fri cooking oil 1ltr,Cooking Oil,Generic,Cooking Oil1l,Naivas,1l,1.0,litres,1.0,350.0,339.0,11.0,339.0,2026-09-21,https://www.naivas.online/fresh-fri-cooking-oil-1ltr
masterchef cooking oil 3ltr,Cooking Oil,Generic,Cooking Oil3l,Naivas,3l,3.0,litres,3.0,1045.0,899.0,146.0,299.6666666666667,2026-09-21,https://www.naivas.online/masterchef-cooking-oil-3ltr
fresh fri cooking oil 3ltr,Cooking Oil,Generic,Cooking Oil3l,Naivas,3l,3.0,litres,3.0,1060.0,899.0,161.0,299.6666666666667,2026-09-21,https://www.naivas.online/fresh-fri-vegetable-oil-3l
chapa mandashi baking pwd 100g,Wheat Flour,Generic,Wheat Flour100g,Naivas,100g,100.0,kg,0.1,0.0,35.0,0.0,350.0,2026-09-21,https://www.naivas.online/chapa-mandashi-baking-powder-100g
sunrice basmati rice 5kg,Rice,Generic,Rice5kg,Naivas,5kg,5.0,kg,5.0,1825.0,1399.0,426.0,279.8,2026-09-21,https://www.naivas.online/sunrice-basmati-rice-5kg
lotus wheat flour 2kg,Wheat Flour,Generic,Wheat Flour2kg,Naivas,2kg,2.0,kg,2.0,165.0,159.0,6.0,79.5,2026-09-21,https://www.naivas.online/lotus-wheat-flour-2kg
exe mandazi flour 2kg,Wheat Flour,Generic,Wheat Flour2kg,Naivas,2kg,2.0,kg,2.0,0.0,205.0,0.0,102.5,2026-09-21,https://www.naivas.online/exe-mandazi-flour-2kg
exe self raising flour 2kg,Wheat Flour,Generic,Wheat Flour2kg,Naivas,2kg,2.0,kg,2.0,0.0,205.0,0.0,102.5,2026-09-21,https://www.naivas.online/exe-self-raising-flour-2kg
exe all purpose flour 2kg,Wheat Flour,Generic,Wheat Flour2kg,Naivas,2kg,2.0,kg,2.0,192.0,184.0,8.0,92.0,2026-09-21,https://www.naivas.online/exe-all-purpose-flour-2kg
ajab home baking flour 2kg,Wheat Flour,Generic,Wheat Flour2kg,Naivas,2kg,2.0,kg,2.0,0.0,182.0,0.0,91.0,2026-09-21,https://www.naivas.online/ajab-home-baking-flour-2kg
pembe home baking all purpose flour 2kg,Wheat Flour,Generic,Wheat Flour2kg,Naivas,2kg,2.0,kg,2.0,0.0,186.0,0.0,93.0,2026-09-21,https://www.naivas.online/pembe-home-baking-all-purpose-flour-2kg
soko maize meal 2kg,Maize Meal,Generic,Maize Meal2kg,Naivas,2kg,2.0,kg,2.0,162.0,149.0,13.0,74.5,2026-09-21,https://www.naivas.online/soko-maize-meal-2kg
amaize premium maize meal 2kg,Maize Meal,Generic,Maize Meal2kg,Naivas,2kg,2.0,kg,2.0,195.0,179.0,16.0,89.5,2026-09-21,https://www.naivas.online/amaize-premium-maize-meal-2kg
broadway brown sandwich sliced bread 600g,Bread,Generic,Bread600g,Naivas,600g,600.0,kg,0.6,101.0,98.0,3.0,163.33333333333334,2026-09-21,https://www.naivas.online/broadway-brown-sandwich-sliced-bread-600g
soko maize meal 2kg,Maize Meal,Generic,Maize Meal2kg,Naivas,2kg,2.0,kg,2.0,162.0,149.0,13.0,74.5,2026-09-21,https://www.naivas.online/soko-maize-meal-2kg
tupike maize meal 2kg,Maize Meal,Generic,Maize Meal2kg,Naivas,2kg,2.0,kg,2.0,144.0,119.0,25.0,59.5,2026-09-21,https://www.naivas.online/tupike-maize-meal-2kg
lea premium maize meal 2kg,Maize Meal,Generic,Maize Meal2kg,Naivas,2kg,2.0,kg,2.0,0.0,196.0,0.0,98.0,2026-09-21,https://www.naivas.online/lea-premium-maize-meal-2kg
amaize premium maize meal 2kg,Maize Meal,Generic,Maize Meal2kg,Naivas,2kg,2.0,kg,2.0,195.0,179.0,16.0,89.5,2026-09-21,https://www.naivas.online/amaize-premium-maize-meal-2kg
raha premium maize meal 2kg,Maize Meal,Generic,Maize Meal2kg,Naivas,2kg,2.0,kg,2.0,0.0,198.0,0.0,99.0,2026-09-21,https://www.naivas.online/raha-premium-maize-meal-2kg
festive milk bread 800gms,Milk,Festive,MilkFestive800g,Quickmart,800g,800.0,kg,0.8,0.0,130.0,0.0,162.5,2026-09-21,https://www.quickmart.co.ke/festive-milk-bread-800gms-62
dairyland real milk chocolate 40gm,Milk,Dairyland,MilkDairyland40g,Quickmart,40g,40.0,kg,0.04,120.0,89.0,31.0,2225.0,2026-09-21,https://www.quickmart.co.ke/dairyland-real-milk-chocolate-40gm-50
dairy milk oreo 95g,Milk,Dairy,MilkDairy95g,Quickmart,95g,95.0,kg,0.095,0.0,299.0,0.0,3147.3684210526317,2026-09-21,https://www.quickmart.co.ke/dairy-milk-oreo-95g-30
dairyland chocolart real milk 20g,Milk,Dairyland,MilkDairyland20g,Quickmart,20g,20.0,kg,0.02,0.0,55.0,0.0,2750.0,2026-09-21,https://www.quickmart.co.ke/dairyland-chocolart-real-milk-20g-66
geisha coconut milk & honey soap 200g,Milk,Geisha,MilkGeisha200g,Quickmart,200g,200.0,kg,0.2,0.0,110.0,0.0,550.0,2026-09-21,https://www.quickmart.co.ke/geisha-coconut-milk-honey-soap-200g-62
geisha soap coconut milk & honey 90g,Milk,Geisha,MilkGeisha90g,Quickmart,90g,90.0,kg,0.09,0.0,55.0,0.0,611.1111111111111,2026-09-21,https://www.quickmart.co.ke/geisha-soap-coconut-milk-honey-90g-11
dairyland real milk chocolate 80gm,Milk,Dairyland,MilkDairyland80g,Quickmart,80g,80.0,kg,0.08,0.0,240.0,0.0,3000.0,2026-09-21,https://www.quickmart.co.ke/dairyland-real-milk-chocolate-80gm-13
sunveat club 99 milk 240g,Milk,Sunveat,MilkSunveat240g,Quickmart,240g,240.0,kg,0.24,0.0,129.0,0.0,537.5,2026-09-21,https://www.quickmart.co.ke/sunveat-club-99-milk-240g-24
alo lotion goat milk - 400ml,Milk,Alo,MilkAlo400ml,Quickmart,400ml,400.0,litres,0.4,0.0,295.0,0.0,737.5,2026-09-21,https://www.quickmart.co.ke/alo-lotion-goat-milk-400ml-10
valon body milk lotion - 400ml,Milk,Valon,MilkValon400ml,Quickmart,400ml,400.0,litres,0.4,0.0,260.0,0.0,650.0,2026-09-21,https://www.quickmart.co.ke/valon-body-milk-lotion-400ml-16
kentaste coconut milk 400ml,Milk,Kentaste,MilkKentaste400ml,Quickmart,400ml,400.0,litres,0.4,0.0,297.0,0.0,742.5,2026-09-21,https://www.quickmart.co.ke/kentaste-coconut-milk-400ml-19
dairyland milk & cookies chclate 40g,Milk,Dairyland,MilkDairyland40g,Quickmart,40g,40.0,kg,0.04,120.0,89.0,31.0,2225.0,2026-09-21,https://www.quickmart.co.ke/dairyland-milk-cookies-chclate-40g-25
dairyland dark milk chocolate 40gm,Milk,Dairyland,MilkDairyland40g,Quickmart,40g,40.0,kg,0.04,120.0,89.0,31.0,2225.0,2026-09-21,https://www.quickmart.co.ke/dairyland-dark-milk-chocolate-40gm-19
dairy milk choc biscuit 80g,Milk,Dairy,MilkDairy80g,Quickmart,80g,80.0,kg,0.08,290.0,245.0,45.0,3062.5,2026-09-21,https://www.quickmart.co.ke/dairy-milk-choc-biscuit-80g-62
nimbu premium cockpit milk-strawberry 750ml,Milk,Nimbu,MilkNimbu750ml,Quickmart,750ml,750.0,litres,0.75,1340.0,1055.0,285.0,1406.6666666666667,2026-09-21,https://www.quickmart.co.ke/nimbu-premium-cockpit-milk-strawberry-750ml-30
dairyland milk & cookies chclate 80g,Milk,Dairyland,MilkDairyland80g,Quickmart,80g,80.0,kg,0.08,0.0,240.0,0.0,3000.0,2026-09-21,https://www.quickmart.co.ke/dairyland-milk-cookies-chclate-80g-24
nimbu premium cockpit milk van.750ml,Milk,Nimbu,MilkNimbu750ml,Quickmart,750ml,750.0,litres,0.75,1340.0,1055.0,285.0,1406.6666666666667,2026-09-21,https://www.quickmart.co.ke/nimbu-premium-cockpit-milk-van.750ml-25
nimbu premium cockpit milk lav.750ml,Milk,Nimbu,MilkNimbu750ml,Quickmart,750ml,750.0,litres,0.75,1340.0,1055.0,285.0,1406.6666666666667,2026-09-21,https://www.quickmart.co.ke/nimbu-premium-cockpit-milk-lav.750ml-25
dairyland dark milk chocolate 80gm,Milk,Dairyland,MilkDairyland80g,Quickmart,80g,80.0,kg,0.08,0.0,240.0,0.0,3000.0,2026-09-21,https://www.quickmart.co.ke/dairyland-dark-milk-chocolate-80gm-21
nestle kitkat 4 finger milk 41.5g,Milk,Nestle,MilkNestle5g,Quickmart,5g,5.0,kg,0.005,0.0,170.0,0.0,34000.0,2026-09-21,https://www.quickmart.co.ke/nestle-kitkat-4-finger-milk-41.5g-62
arimis milking jelly - 200g,Milk,Arimis,MilkArimis200g,Quickmart,200g,200.0,kg,0.2,0.0,139.0,0.0,695.0,2026-09-21,https://www.quickmart.co.ke/arimis-milking-jelly-200g-50
zoe body lotion milk dry skin 400ml,Milk,Zoe,MilkZoe400ml,Quickmart,400ml,400.0,litres,0.4,0.0,280.0,0.0,700.0,2026-09-21,https://www.quickmart.co.ke/zoe-body-lotion-milk-dry-skin-400ml-63
kara coconut milk uht 200ml,Milk,Kara,MilkKara200ml,Quickmart,200ml,200.0,litres,0.2,0.0,200.0,0.0,1000.0,2026-09-21,https://www.quickmart.co.ke/kara-coconut-milk-uht-200ml-28
alo lotion goat milk - 200ml,Milk,Alo,MilkAlo200ml,Quickmart,200ml,200.0,litres,0.2,0.0,175.0,0.0,875.0,2026-09-21,https://www.quickmart.co.ke/alo-lotion-goat-milk-200ml-29
manji milk star biscuits 200g,Milk,Manji,MilkManji200g,Quickmart,200g,200.0,kg,0.2,0.0,93.0,0.0,465.0,2026-09-21,https://www.quickmart.co.ke/manji-milk-star-biscuits-200g-44
mio goodie milk compound 45g,Milk,Mio,MilkMio45g,Quickmart,45g,45.0,kg,0.045,0.0,60.0,0.0,1333.3333333333335,2026-09-21,https://www.quickmart.co.ke/mio-goodie-milk-compound-45g-54
ballet baby milk soap - 100g,Milk,Ballet,MilkBallet100g,Quickmart,100g,100.0,kg,0.1,0.0,86.0,0.0,860.0,2026-09-21,https://www.quickmart.co.ke/ballet-baby-milk-soap-100g-29
nestle nan optipro infant formula milk powder 400g,Milk,Nestle,MilkNestle400g,Quickmart,400g,400.0,kg,0.4,0.0,2060.0,0.0,5150.0,2026-09-21,https://www.quickmart.co.ke/nestle-nan-optipro-infant-formula-milk-powder-400g-63
amara body milk lotion - 200ml,Milk,Amara,MilkAmara200ml,Quickmart,200ml,200.0,litres,0.2,0.0,160.0,0.0,800.0,2026-09-21,https://www.quickmart.co.ke/amara-body-milk-lotion-200ml-59
sawa milking jelly - 200ml,Milk,Sawa,MilkSawa200ml,Quickmart,200ml,200.0,litres,0.2,0.0,120.0,0.0,600.0,2026-09-21,https://www.quickmart.co.ke/sawa-milking-jelly-200ml-67
treatos milk 105g,Milk,Treatos,MilkTreatos105g,Quickmart,105g,105.0,kg,0.105,0.0,50.0,0.0,476.1904761904762,2026-09-21,https://www.quickmart.co.ke/treatos-milk-105g-12
arimis milking jelly 90ml,Milk,Arimis,MilkArimis90ml,Quickmart,90ml,90.0,litres,0.09,0.0,70.0,0.0,777.7777777777778,2026-09-21,https://www.quickmart.co.ke/arimis-milking-jelly-90ml-60
kentaste coconut milk 250ml,Milk,Kentaste,MilkKentaste250ml,Quickmart,250ml,250.0,litres,0.25,0.0,219.0,0.0,876.0,2026-09-21,https://www.quickmart.co.ke/kentaste-coconut-milk-250ml-27
bounty milk double 57g,Milk,Bounty,MilkBounty57g,Quickmart,57g,57.0,kg,0.057,0.0,215.0,0.0,3771.929824561403,2026-09-21,https://www.quickmart.co.ke/bounty-milk-double-57g-28
manji duos milk cream filled sandwich biscuit 60g,Milk,Manji,MilkManji60g,Quickmart,60g,60.0,kg,0.06,0.0,70.0,0.0,1166.6666666666667,2026-09-21,https://www.quickmart.co.ke/manji-duos-milk-cream-filled-sandwich-biscuit-60g-63
aryuva coconut milk 400ml,Milk,Aryuva,MilkAryuva400ml,Quickmart,400ml,400.0,litres,0.4,0.0,305.0,0.0,762.5,2026-09-21,https://www.quickmart.co.ke/aryuva-coconut-milk-400ml-30
nivea nourishing milk - 200ml,Milk,Nivea,MilkNivea200ml,Quickmart,200ml,200.0,litres,0.2,0.0,360.0,0.0,1800.0,2026-09-21,https://www.quickmart.co.ke/nivea-nourishing-milk-200ml-18
parle milk power 750g/765g,Milk,Parle,MilkParle750g,Quickmart,750g,750.0,kg,0.75,0.0,369.0,0.0,492.0,2026-09-21,https://www.quickmart.co.ke/parle-milk-power-750g/765g-25
parle milk power 72.25g/64g,Milk,Parle,MilkParle25g,Quickmart,25g,25.0,kg,0.025,0.0,30.0,0.0,1200.0,2026-09-21,https://www.quickmart.co.ke/parle-milk-power-72.25g/64g-43
manji milk star 40g,Milk,Manji,MilkManji40g,Quickmart,40g,40.0,kg,0.04,0.0,20.0,0.0,500.0,2026-09-21,https://www.quickmart.co.ke/manji-milk-star-40g-22
parle milk power biscuit 382.5g,Milk,Parle,MilkParle5g,Quickmart,5g,5.0,kg,0.005,0.0,190.0,0.0,38000.0,2026-09-21,https://www.quickmart.co.ke/parle-milk-power-biscuit-382.5g-12
nice & lovely body milk - 400ml,Milk,Nice,MilkNice400ml,Quickmart,400ml,400.0,litres,0.4,0.0,320.0,0.0,800.0,2026-09-21,https://www.quickmart.co.ke/nice-lovely-body-milk-400ml-15
britannia milk bikis biscuit 200g,Milk,Britannia,MilkBritannia200g,Quickmart,200g,200.0,kg,0.2,0.0,120.0,0.0,600.0,2026-09-21,https://www.quickmart.co.ke/britannia-milk-bikis-biscuit-200g-37
manji milk star 72pkts*4pcsx16g,Milk,Manji,MilkManji16g,Quickmart,16g,16.0,kg,0.016,0.0,430.0,0.0,26875.0,2026-09-21,https://www.quickmart.co.ke/manji-milk-star-72pkts*4pcsx16g-13
nuvita energy milk soya 75gms,Milk,Nuvita,MilkNuvita75g,Quickmart,75g,75.0,kg,0.075,0.0,35.0,0.0,466.6666666666667,2026-09-21,https://www.quickmart.co.ke/nuvita-energy-milk-soya-75gms-55
alo lotion milk & honey 400ml,Milk,Alo,MilkAlo400ml,Quickmart,400ml,400.0,litres,0.4,0.0,295.0,0.0,737.5,2026-09-21,https://www.quickmart.co.ke/alo-lotion-milk-honey-400ml-46
nestle kitkat chunky milk 40g,Milk,Nestle,MilkNestle40g,Quickmart,40g,40.0,kg,0.04,0.0,175.0,0.0,4375.0,2026-09-21,https://www.quickmart.co.ke/nestle-kitkat-chunky-milk-40g-30
dairyland milk compound chocolate 500g,Milk,Dairyland,MilkDairyland500g,Quickmart,500g,500.0,kg,0.5,0.0,600.0,0.0,1200.0,2026-09-21,https://www.quickmart.co.ke/dairyland-milk-compound-chocolate-500g-27
candy kenya milk yogurt 100g,Milk,Candy,MilkCandy100g,Quickmart,100g,100.0,kg,0.1,0.0,70.0,0.0,700.0,2026-09-21,https://www.quickmart.co.ke/candy-kenya-milk-yogurt-100g-8
nice & lovely milk lotion - 600ml,Milk,Nice,MilkNice600ml,Quickmart,600ml,600.0,litres,0.6,0.0,470.0,0.0,783.3333333333334,2026-09-21,https://www.quickmart.co.ke/nice-lovely-milk-lotion-600ml-27
striped horse milk stout - 500ml,Milk,Striped,MilkStriped500ml,Quickmart,500ml,500.0,litres,0.5,0.0,250.0,0.0,500.0,2026-09-21,https://www.quickmart.co.ke/striped-horse-milk-stout-500ml-28
can valon lotion body milk - 200ml,Milk,Can,MilkCan200ml,Quickmart,200ml,200.0,litres,0.2,0.0,150.0,0.0,750.0,2026-09-21,https://www.quickmart.co.ke/can-valon-lotion-body-milk-200ml-11
zoe body milk dry lotion 600ml,Milk,Zoe,MilkZoe600ml,Quickmart,600ml,600.0,litres,0.6,0.0,395.0,0.0,658.3333333333334,2026-09-21,https://www.quickmart.co.ke/zoe-body-milk-dry-lotion-600ml-34
brit gbk milk 294g+50prcnt free,Milk,Brit,MilkBrit294g,Quickmart,294g,294.0,kg,0.294,0.0,199.0,0.0,676.8707482993198,2026-09-21,https://www.quickmart.co.ke/brit-gbk-milk-294g-50prcnt-free-46
nivea cool kick body milk - 400ml,Milk,Nivea,MilkNivea400ml,Quickmart,400ml,400.0,litres,0.4,0.0,670.0,0.0,1675.0,2026-09-21,https://www.quickmart.co.ke/nivea-cool-kick-body-milk-400ml-20
flamingo soap coconut milk & honey - 200g,Milk,Flamingo,MilkFlamingo200g,Quickmart,200g,200.0,kg,0.2,0.0,95.0,0.0,475.0,2026-09-21,https://www.quickmart.co.ke/flamingo-soap-coconut-milk-honey-200g-25
manji high energy biscuit milk 100g,Milk,Manji,MilkManji100g,Quickmart,100g,100.0,kg,0.1,0.0,37.0,0.0,370.0,2026-09-21,https://www.quickmart.co.ke/manji-high-energy-biscuit-milk-100g-28
asantee turmeric & rice milk honey 125g,Rice,Generic,Rice125g,Quickmart,125g,125.0,kg,0.125,0.0,280.0,0.0,2240.0,2026-09-21,https://www.quickmart.co.ke/asantee-turmeric-rice-milk-honey-125g-35
fresh hot milk glass(300ml) per pc,Milk,Fresh,MilkFresh300ml,Quickmart,300ml,300.0,litres,0.3,0.0,79.0,0.0,263.33333333333337,2026-09-21,https://www.quickmart.co.ke/fresh-hot-milk-glass(300ml)-per-pc-16
cadbury ps creme milk choco 48g,Milk,Cadbury,MilkCadbury48g,Quickmart,48g,48.0,kg,0.048,0.0,179.0,0.0,3729.1666666666665,2026-09-21,https://www.quickmart.co.ke/cadbury-ps-creme-milk-choco-48g-39
zoe body lotion milk dry skin 200ml,Milk,Zoe,MilkZoe200ml,Quickmart,200ml,200.0,litres,0.2,0.0,170.0,0.0,850.0,2026-09-21,https://www.quickmart.co.ke/zoe-body-lotion-milk-dry-skin-200ml-63
sunveat club99 p/b milk s/brry crm75g,Milk,Sunveat,MilkSunveat75g,Quickmart,75g,75.0,kg,0.075,0.0,49.0,0.0,653.3333333333334,2026-09-21,https://www.quickmart.co.ke/sunveat-club99-p/b-milk-s/brry-crm75g-38
arimis milking jelly - 50ml,Milk,Arimis,MilkArimis50ml,Quickmart,50ml,50.0,litres,0.05,0.0,42.0,0.0,840.0,2026-09-21,https://www.quickmart.co.ke/arimis-milking-jelly-50ml-39
geisha coconut milk & honey value pack 4x125g,Milk,Geisha,MilkGeisha125g,Quickmart,125g,125.0,kg,0.125,0.0,280.0,0.0,2240.0,2026-09-21,https://www.quickmart.co.ke/geisha-coconut-milk-honey-value-pack-4x125g-41
flamingo hw ccnt milk anti bacterial - 400ml,Milk,Flamingo,MilkFlamingo400ml,Quickmart,400ml,400.0,litres,0.4,0.0,230.0,0.0,575.0,2026-09-21,https://www.quickmart.co.ke/flamingo-hw-ccnt-milk-anti-bacterial-400ml-29
cleo nature handmade goat milk soap bar 100g,Milk,Cleo,MilkCleo100g,Quickmart,100g,100.0,kg,0.1,0.0,240.0,0.0,2400.0,2026-09-21,https://www.quickmart.co.ke/cleo-nature-handmade-goat-milk-soap-bar-100g-63
flamingo soap 90g x 3 coconut milk & honey,Milk,Flamingo,MilkFlamingo90g,Quickmart,90g,90.0,kg,0.09,0.0,120.0,0.0,1333.3333333333335,2026-09-21,https://www.quickmart.co.ke/flamingo-soap-90g-x-3-coconut-milk-honey-65
hobby marshmallows strawberry and milk shake body wash 500ml,Milk,Hobby,MilkHobby500ml,Quickmart,500ml,500.0,litres,0.5,0.0,495.0,0.0,990.0,2026-09-21,https://www.quickmart.co.ke/hobby-marshmallows-strawberry-and-milk-shake-body-wash-500ml-63
mactea 3 in 1 ginger milk instant tea mix 20g,Milk,Mactea,MilkMactea1g,Quickmart,1g,1.0,kg,0.001,0.0,60.0,0.0,60000.0,2026-09-21,https://www.quickmart.co.ke/mactea-3-in-1-ginger-milk-instant-tea-mix-20g-63
aptamil infant formula milk powder stage 1 800g,Milk,Aptamil,MilkAptamil800g,Quickmart,800g,800.0,kg,0.8,0.0,4400.0,0.0,5500.0,2026-09-21,https://www.quickmart.co.ke/aptamil-infant-formula-milk-powder-stage-1-800g-63
nestle lactogen infant formula milk powder stage 1 400g,Milk,Nestle,MilkNestle400g,Quickmart,400g,400.0,kg,0.4,0.0,1680.0,0.0,4200.0,2026-09-21,https://www.quickmart.co.ke/nestle-lactogen-infant-formula-milk-powder-stage-1-400g-63
hobby marshmallow coconut and milk shake body wash 500ml,Milk,Hobby,MilkHobby500ml,Quickmart,500ml,500.0,litres,0.5,0.0,495.0,0.0,990.0,2026-09-21,https://www.quickmart.co.ke/hobby-marshmallow-coconut-and-milk-shake-body-wash-500ml-63
dove lotion repairing care coconut oil & almond milk - 250ml,Cooking Oil,Generic,Cooking Oil250ml,Quickmart,250ml,250.0,litres,0.25,0.0,565.0,0.0,2260.0,2026-09-21,https://www.quickmart.co.ke/dove-lotion-repairing-care-coconut-oil-almond-milk-250ml-23
nestle nan protect infant formula milk powder stage 2 400g,Milk,Nestle,MilkNestle400g,Quickmart,400g,400.0,kg,0.4,0.0,2060.0,0.0,5150.0,2026-09-21,https://www.quickmart.co.ke/nestle-nan-protect-infant-formula-milk-powder-stage-2-400g-63
mactea original 3 in 1 milk instant tea mix 20g,Milk,Mactea,MilkMactea20g,Quickmart,20g,20.0,kg,0.02,0.0,60.0,0.0,3000.0,2026-09-21,https://www.quickmart.co.ke/mactea-original-3-in-1-milk-instant-tea-mix-20g-42
sawa milking jelly - 90ml,Milk,Sawa,MilkSawa90ml,Quickmart,90ml,90.0,litres,0.09,0.0,60.0,0.0,666.6666666666667,2026-09-21,https://www.quickmart.co.ke/sawa-milking-jelly-90ml-67
sawa milking jelly - 50ml,Milk,Sawa,MilkSawa50ml,Quickmart,50ml,50.0,litres,0.05,0.0,35.0,0.0,700.0,2026-09-21,https://www.quickmart.co.ke/sawa-milking-jelly-50ml-61
parle milkpower biscuits 195.5g,Milk,Parle,MilkParle5g,Quickmart,5g,5.0,kg,0.005,0.0,100.0,0.0,20000.0,2026-09-21,https://www.quickmart.co.ke/parle-milkpower-biscuits-195.5g-53
kabras sugar white 2kg,Sugar,Generic,Sugar2kg,Quickmart,2kg,2.0,kg,2.0,0.0,305.0,0.0,152.5,2026-09-21,https://www.quickmart.co.ke/kabras-sugar-white-2kg-9
kabras sugar white 1kg,Sugar,Generic,Sugar1kg,Quickmart,1kg,1.0,kg,1.0,0.0,155.0,0.0,155.0,2026-09-21,https://www.quickmart.co.ke/kabras-sugar-white-1kg-52
quick choice sugar 1kg,Sugar,Generic,Sugar1kg,Quickmart,1kg,1.0,kg,1.0,0.0,155.0,0.0,155.0,2026-09-21,https://www.quickmart.co.ke/quick-choice-sugar-1kg-12
mumias sugar 2 kg,Sugar,Generic,Sugar2kg,Quickmart,2kg,2.0,kg,2.0,0.0,305.0,0.0,152.5,2026-09-21,https://www.quickmart.co.ke/mumias-sugar-2-kg-47
quick choice sugar 2kg,Sugar,Generic,Sugar2kg,Quickmart,2kg,2.0,kg,2.0,0.0,305.0,0.0,152.5,2026-09-21,https://www.quickmart.co.ke/quick-choice-sugar-2kg-15
nutrameal natural wholesome cane sugar 2kg,Sugar,Generic,Sugar2kg,Quickmart,2kg,2.0,kg,2.0,0.0,305.0,0.0,152.5,2026-09-21,https://www.quickmart.co.ke/nutrameal-natural-wholesome-cane-sugar-2kg-63
mumias sugar 1 kg,Sugar,Generic,Sugar1kg,Quickmart,1kg,1.0,kg,1.0,0.0,155.0,0.0,155.0,2026-09-21,https://www.quickmart.co.ke/mumias-sugar-1-kg-4
nutrameal natural wholesome cane sugar 1kg,Sugar,Generic,Sugar1kg,Quickmart,1kg,1.0,kg,1.0,0.0,155.0,0.0,155.0,2026-09-21,https://www.quickmart.co.ke/nutrameal-natural-wholesome-cane-sugar-1kg-63
valley sugar brown 2kg,Sugar,Generic,Sugar2kg,Quickmart,2kg,2.0,kg,2.0,0.0,309.0,0.0,154.5,2026-09-21,https://www.quickmart.co.ke/valley-sugar-brown-2kg-21
valley sugar brown 1kg,Sugar,Generic,Sugar1kg,Quickmart,1kg,1.0,kg,1.0,0.0,155.0,0.0,155.0,2026-09-21,https://www.quickmart.co.ke/valley-sugar-brown-1kg-21
butali sugar 2kg,Sugar,Generic,Sugar2kg,Quickmart,2kg,2.0,kg,2.0,0.0,329.0,0.0,164.5,2026-09-21,https://www.quickmart.co.ke/butali-sugar-2kg-10
transmara sugar 1kg,Sugar,Generic,Sugar1kg,Quickmart,1kg,1.0,kg,1.0,0.0,175.0,0.0,175.0,2026-09-21,https://www.quickmart.co.ke/transmara-sugar-1kg-27
kakira light brown sugar 1kg,Sugar,Generic,Sugar1kg,Quickmart,1kg,1.0,kg,1.0,0.0,160.0,0.0,160.0,2026-09-21,https://www.quickmart.co.ke/kakira-light-brown-sugar-1kg-63
nutrameal natural wholesome cane sugar 5kg,Sugar,Generic,Sugar5kg,Quickmart,5kg,5.0,kg,5.0,0.0,765.0,0.0,153.0,2026-09-21,https://www.quickmart.co.ke/nutrameal-natural-wholesome-cane-sugar-5kg-62
red bull energy drink sugar free 250ml,Sugar,Generic,Sugar250ml,Quickmart,250ml,250.0,litres,0.25,235.0,199.0,36.0,796.0,2026-09-21,https://www.quickmart.co.ke/red-bull-energy-drink-sugar-free-250ml-63
wow sugared snacks 15g,Sugar,Generic,Sugar15g,Quickmart,15g,15.0,kg,0.015,0.0,13.0,0.0,866.6666666666667,2026-09-21,https://www.quickmart.co.ke/wow-sugared-snacks-15g-63
zesta icing sugar packets 500g,Sugar,Generic,Sugar500g,Quickmart,500g,500.0,kg,0.5,0.0,145.0,0.0,290.0,2026-09-21,https://www.quickmart.co.ke/zesta-icing-sugar-packets-500g-63
orbit strawberry sugar free 14g,Sugar,Generic,Sugar14g,Quickmart,14g,14.0,kg,0.014,0.0,70.0,0.0,5000.0,2026-09-21,https://www.quickmart.co.ke/orbit-strawberry-sugar-free-14g-42
clovers extra fine icing sugar 500g,Sugar,Generic,Sugar500g,Quickmart,500g,500.0,kg,0.5,0.0,154.0,0.0,308.0,2026-09-21,https://www.quickmart.co.ke/clovers-extra-fine-icing-sugar-500g-63
peptang sugar free peanut butter 800g,Sugar,Generic,Sugar800g,Quickmart,800g,800.0,kg,0.8,0.0,645.0,0.0,806.25,2026-09-21,https://www.quickmart.co.ke/peptang-sugar-free-peanut-butter-800g-66
alicafe no sugar tongkat 4-in-1 12g,Sugar,Generic,Sugar12g,Quickmart,12g,12.0,kg,0.012,0.0,65.0,0.0,5416.666666666667,2026-09-21,https://www.quickmart.co.ke/alicafe-no-sugar-tongkat-4-in-1-12g-28
wow sugared snacks 200g,Sugar,Generic,Sugar200g,Quickmart,200g,200.0,kg,0.2,0.0,120.0,0.0,600.0,2026-09-21,https://www.quickmart.co.ke/wow-sugared-snacks-200g-63
wow sugared snacks puffs 500g,Sugar,Generic,Sugar500g,Quickmart,500g,500.0,kg,0.5,0.0,210.0,0.0,420.0,2026-09-21,https://www.quickmart.co.ke/wow-sugared-snacks-puffs-500g-63
wow sugared snacks 100g,Sugar,Generic,Sugar100g,Quickmart,100g,100.0,kg,0.1,0.0,72.0,0.0,720.0,2026-09-21,https://www.quickmart.co.ke/wow-sugared-snacks-100g-63
mentos fresh bubble sugar free 31.5g,Sugar,Generic,Sugar5g,Quickmart,5g,5.0,kg,0.005,0.0,265.0,0.0,53000.0,2026-09-21,https://www.quickmart.co.ke/mentos-fresh-bubble-sugar-free-31.5g-57
wow corn puff sugared 50g,Sugar,Generic,Sugar50g,Quickmart,50g,50.0,kg,0.05,0.0,47.0,0.0,940.0,2026-09-21,https://www.quickmart.co.ke/wow-corn-puff-sugared-50g-63
nuvita shortcake sugarfree 100gm,Sugar,Generic,Sugar100g,Quickmart,100g,100.0,kg,0.1,0.0,100.0,0.0,1000.0,2026-09-21,https://www.quickmart.co.ke/nuvita-shortcake-sugarfree-100gm-63
orbit spearmint sugarfree gum 14g,Sugar,Generic,Sugar14g,Quickmart,14g,14.0,kg,0.014,0.0,70.0,0.0,5000.0,2026-09-21,https://www.quickmart.co.ke/orbit-spearmint-sugarfree-gum-14g-39
festive milk bread 800gms,Milk,Festive,MilkFestive800g,Quickmart,800g,800.0,kg,0.8,0.0,130.0,0.0,162.5,2026-09-21,https://www.quickmart.co.ke/festive-milk-bread-800gms-62
festive milky white bread 400g,Milk,Festive,MilkFestive400g,Quickmart,400g,400.0,kg,0.4,0.0,65.0,0.0,162.5,2026-09-21,https://www.quickmart.co.ke/festive-milky-white-bread-400g-63
festive quarter bread wht bread 400g,Bread,Generic,Bread400g,Quickmart,400g,400.0,kg,0.4,0.0,65.0,0.0,162.5,2026-09-21,https://www.quickmart.co.ke/festive-quarter-bread-wht-bread-400g-15
festive nature gold w/bread 600g,Bread,Generic,Bread600g,Quickmart,600g,600.0,kg,0.6,0.0,100.0,0.0,166.66666666666669,2026-09-21,https://www.quickmart.co.ke/festive-nature-gold-w/bread-600g-16
supa loaf white bread ct 400g,Bread,Generic,Bread400g,Quickmart,400g,400.0,kg,0.4,0.0,65.0,0.0,162.5,2026-09-21,https://www.quickmart.co.ke/supa-loaf-white-bread-ct-400g-11
supa loaf butter toast bread 400g,Bread,Generic,Bread400g,Quickmart,400g,400.0,kg,0.4,0.0,65.0,0.0,162.5,2026-09-21,https://www.quickmart.co.ke/supa-loaf-butter-toast-bread-400g-63
broadway brown sandwich sliced bread 600g,Bread,Generic,Bread600g,Quickmart,600g,600.0,kg,0.6,0.0,98.0,0.0,163.33333333333334,2026-09-21,https://www.quickmart.co.ke/broadway-brown-sandwich-sliced-bread-600g-50
supa loaf butter toast bread 800g,Bread,Generic,Bread800g,Quickmart,800g,800.0,kg,0.8,0.0,130.0,0.0,162.5,2026-09-21,https://www.quickmart.co.ke/supa-loaf-butter-toast-bread-800g-47
broadways white sliced bread 400g,Bread,Generic,Bread400g,Quickmart,400g,400.0,kg,0.4,0.0,65.0,0.0,162.5,2026-09-21,https://www.quickmart.co.ke/broadways-white-sliced-bread-400g-66
broadways brown unsliced bread 200g,Bread,Generic,Bread200g,Quickmart,200g,200.0,kg,0.2,0.0,33.0,0.0,165.0,2026-09-21,https://www.quickmart.co.ke/broadways-brown-unsliced-bread-200g-54
broadways premium sliced bread 400g,Bread,Generic,Bread400g,Quickmart,400g,400.0,kg,0.4,0.0,65.0,0.0,162.5,2026-09-21,https://www.quickmart.co.ke/broadways-premium-sliced-bread-400g-67
kingsmil milky white bread 800g,Milk,Kingsmil,MilkKingsmil800g,Quickmart,800g,800.0,kg,0.8,0.0,130.0,0.0,162.5,2026-09-21,https://www.quickmart.co.ke/kingsmil-milky-white-bread-800g-63
broadways white unsliced bread 200g,Bread,Generic,Bread200g,Quickmart,200g,200.0,kg,0.2,0.0,33.0,0.0,165.0,2026-09-21,https://www.quickmart.co.ke/broadways-white-unsliced-bread-200g-47
supa loaf white sliced sandwich bread 800g,Bread,Generic,Bread800g,Quickmart,800g,800.0,kg,0.8,0.0,130.0,0.0,162.5,2026-09-21,https://www.quickmart.co.ke/supa-loaf-white-sliced-sandwich-bread-800g-63
supa loaf golden barrel white sliced bread 600g,Bread,Generic,Bread600g,Quickmart,600g,600.0,kg,0.6,0.0,100.0,0.0,166.66666666666669,2026-09-21,https://www.quickmart.co.ke/supa-loaf-golden-barrel-white-sliced-bread-600g-63
kingsmil milky white bread 600g,Milk,Kingsmil,MilkKingsmil600g,Quickmart,600g,600.0,kg,0.6,0.0,100.0,0.0,166.66666666666669,2026-09-21,https://www.quickmart.co.ke/kingsmil-milky-white-bread-600g-63
supa loaf butter toast bread 600g,Bread,Generic,Bread600g,Quickmart,600g,600.0,kg,0.6,0.0,100.0,0.0,166.66666666666669,2026-09-21,https://www.quickmart.co.ke/supa-loaf-butter-toast-bread-600g-63
kingsmil sandwich white bread 400g,Bread,Generic,Bread400g,Quickmart,400g,400.0,kg,0.4,0.0,65.0,0.0,162.5,2026-09-21,https://www.quickmart.co.ke/kingsmil-sandwich-white-bread-400g-24
supa loaf white bread 1.5kg,Bread,Generic,Bread5kg,Quickmart,5kg,5.0,kg,5.0,0.0,240.0,0.0,48.0,2026-09-21,https://www.quickmart.co.ke/supa-loaf-white-bread-1.5kg-22
festive milky white bread 1.5kg,Milk,Festive,MilkFestive5kg,Quickmart,5kg,5.0,kg,5.0,0.0,240.0,0.0,48.0,2026-09-21,https://www.quickmart.co.ke/festive-milky-white-bread-1.5kg-63
broadways brown sliced bread 400g,Bread,Generic,Bread400g,Quickmart,400g,400.0,kg,0.4,0.0,65.0,0.0,162.5,2026-09-21,https://www.quickmart.co.ke/broadways-brown-sliced-bread-400g-67
sats rich bread 250gms,Bread,Generic,Bread250g,Quickmart,250g,250.0,kg,0.25,0.0,91.0,0.0,364.0,2026-09-21,https://www.quickmart.co.ke/sats-rich-bread-250gms-16
supa loaf butter toast bread 1.5kg,Bread,Generic,Bread5kg,Quickmart,5kg,5.0,kg,5.0,0.0,240.0,0.0,48.0,2026-09-21,https://www.quickmart.co.ke/supa-loaf-butter-toast-bread-1.5kg-63
broadways white sandwich sliced bread 800g,Bread,Generic,Bread800g,Quickmart,800g,800.0,kg,0.8,0.0,130.0,0.0,162.5,2026-09-21,https://www.quickmart.co.ke/broadways-white-sandwich-sliced-bread-800g-58
festive nature gold w/bread 400g,Bread,Generic,Bread400g,Quickmart,400g,400.0,kg,0.4,0.0,65.0,0.0,162.5,2026-09-21,https://www.quickmart.co.ke/festive-nature-gold-w/bread-400g-19
kingsmill brown whole meal sandwich bread 800g,Bread,Generic,Bread800g,Quickmart,800g,800.0,kg,0.8,0.0,130.0,0.0,162.5,2026-09-21,https://www.quickmart.co.ke/kingsmill-brown-whole-meal-sandwich-bread-800g-63
festive finest super seeded bread 400g,Bread,Generic,Bread400g,Quickmart,400g,400.0,kg,0.4,0.0,130.0,0.0,325.0,2026-09-21,https://www.quickmart.co.ke/festive-finest-super-seeded-bread-400g-63
broadways white sandwich sliced bread 600g,Bread,Generic,Bread600g,Quickmart,600g,600.0,kg,0.6,0.0,98.0,0.0,163.33333333333334,2026-09-21,https://www.quickmart.co.ke/broadways-white-sandwich-sliced-bread-600g-29
kingsmil sandwich wholemeal bread 400g,Bread,Generic,Bread400g,Quickmart,400g,400.0,kg,0.4,0.0,65.0,0.0,162.5,2026-09-21,https://www.quickmart.co.ke/kingsmil-sandwich-wholemeal-bread-400g-60
kingsmill brown whole meal sandwich bread 600g,Bread,Generic,Bread600g,Quickmart,600g,600.0,kg,0.6,0.0,100.0,0.0,166.66666666666669,2026-09-21,https://www.quickmart.co.ke/kingsmill-brown-whole-meal-sandwich-bread-600g-63
supa loaf brown bread 400g ct,Bread,Generic,Bread400g,Quickmart,400g,400.0,kg,0.4,0.0,65.0,0.0,162.5,2026-09-21,https://www.quickmart.co.ke/supa-loaf-brown-bread-400g-ct-2
budget bread white(800gm),Bread,Generic,Bread800g,Quickmart,800g,800.0,kg,0.8,0.0,119.0,0.0,148.75,2026-09-21,https://www.quickmart.co.ke/budget-bread-white(800gm)-48
festive asili brown bread 400g sliced,Bread,Generic,Bread400g,Quickmart,400g,400.0,kg,0.4,0.0,65.0,0.0,162.5,2026-09-21,https://www.quickmart.co.ke/festive-asili-brown-bread-400g-sliced-5
festive supreme whole meal bread 800g,Bread,Generic,Bread800g,Quickmart,800g,800.0,kg,0.8,0.0,130.0,0.0,162.5,2026-09-21,https://www.quickmart.co.ke/festive-supreme-whole-meal-bread-800g-62
festive asili white bread 400g sliced,Bread,Generic,Bread400g,Quickmart,400g,400.0,kg,0.4,0.0,65.0,0.0,162.5,2026-09-21,https://www.quickmart.co.ke/festive-asili-white-bread-400g-sliced-21
festive supreme whole meal bread 600g,Bread,Generic,Bread600g,Quickmart,600g,600.0,kg,0.6,0.0,100.0,0.0,166.66666666666669,2026-09-21,https://www.quickmart.co.ke/festive-supreme-whole-meal-bread-600g-62
broadways brown sandwich sliced bread 800g,Bread,Generic,Bread800g,Quickmart,800g,800.0,kg,0.8,0.0,130.0,0.0,162.5,2026-09-21,https://www.quickmart.co.ke/broadways-brown-sandwich-sliced-bread-800g-10
budget bread brown(800gm),Bread,Generic,Bread800g,Quickmart,800g,800.0,kg,0.8,0.0,119.0,0.0,148.75,2026-09-21,https://www.quickmart.co.ke/budget-bread-brown(800gm)-1
supa loaf golden barrel white sliced bread 800g,Bread,Generic,Bread800g,Quickmart,800g,800.0,kg,0.8,0.0,130.0,0.0,162.5,2026-09-21,https://www.quickmart.co.ke/supa-loaf-golden-barrel-white-sliced-bread-800g-63
budget bread white(600gm),Bread,Generic,Bread600g,Quickmart,600g,600.0,kg,0.6,0.0,89.0,0.0,148.33333333333334,2026-09-21,https://www.quickmart.co.ke/budget-bread-white(600gm)-40
festive whole meal brown sliced bread 1.5kg,Bread,Generic,Bread5kg,Quickmart,5kg,5.0,kg,5.0,0.0,240.0,0.0,48.0,2026-09-21,https://www.quickmart.co.ke/festive-whole-meal-brown-sliced-bread-1.5kg-63
supa loaf golden barrel brown sliced bread 600g,Bread,Generic,Bread600g,Quickmart,600g,600.0,kg,0.6,0.0,100.0,0.0,166.66666666666669,2026-09-21,https://www.quickmart.co.ke/supa-loaf-golden-barrel-brown-sliced-bread-600g-63
sweet bread(400gm),Bread,Generic,Bread400g,Quickmart,400g,400.0,kg,0.4,0.0,65.0,0.0,162.5,2026-09-21,https://www.quickmart.co.ke/sweet-bread(400gm)-42
budget bread brown(600gm),Bread,Generic,Bread600g,Quickmart,600g,600.0,kg,0.6,0.0,89.0,0.0,148.33333333333334,2026-09-21,https://www.quickmart.co.ke/budget-bread-brown(600gm)-60
fresh banana bread(800gm),Bread,Generic,Bread800g,Quickmart,800g,800.0,kg,0.8,0.0,140.0,0.0,175.0,2026-09-21,https://www.quickmart.co.ke/fresh-banana-bread(800gm)-11
sweet bread(600gm),Bread,Generic,Bread600g,Quickmart,600g,600.0,kg,0.6,0.0,95.0,0.0,158.33333333333334,2026-09-21,https://www.quickmart.co.ke/sweet-bread(600gm)-35
budget bread brown(400gm),Bread,Generic,Bread400g,Quickmart,400g,400.0,kg,0.4,0.0,56.0,0.0,140.0,2026-09-21,https://www.quickmart.co.ke/budget-bread-brown(400gm)-9
budget white bread(1.5kg),Bread,Generic,Bread5kg,Quickmart,5kg,5.0,kg,5.0,0.0,205.0,0.0,41.0,2026-09-21,https://www.quickmart.co.ke/budget-white-bread(1.5kg)-16
budget bread white(400gm),Bread,Generic,Bread400g,Quickmart,400g,400.0,kg,0.4,0.0,56.0,0.0,140.0,2026-09-21,https://www.quickmart.co.ke/budget-bread-white(400gm)-45
budget bread white(200gm),Bread,Generic,Bread200g,Quickmart,200g,200.0,kg,0.2,0.0,30.0,0.0,150.0,2026-09-21,https://www.quickmart.co.ke/budget-bread-white(200gm)-49
budget brown bread(1.5kg),Bread,Generic,Bread5kg,Quickmart,5kg,5.0,kg,5.0,0.0,205.0,0.0,41.0,2026-09-21,https://www.quickmart.co.ke/budget-brown-bread(1.5kg)-14
bread crumbs 500g,Bread,Generic,Bread500g,Quickmart,500g,500.0,kg,0.5,0.0,240.0,0.0,480.0,2026-09-21,https://www.quickmart.co.ke/bread-crumbs-500g-53
fresh health bread(600gm),Bread,Generic,Bread600g,Quickmart,600g,600.0,kg,0.6,0.0,120.0,0.0,200.0,2026-09-21,https://www.quickmart.co.ke/fresh-health-bread(600gm)-53
blueband low fat spread for bread 500g,Bread,Generic,Bread500g,Quickmart,500g,500.0,kg,0.5,200.0,180.0,20.0,360.0,2026-09-21,https://www.quickmart.co.ke/blueband-low-fat-spread-for-bread-500g-63
supa bread crumbs -regular 200g,Bread,Generic,Bread200g,Quickmart,200g,200.0,kg,0.2,0.0,110.0,0.0,550.0,2026-09-21,https://www.quickmart.co.ke/supa-bread-crumbs-regular-200g-5
bread crumbs 250g,Bread,Generic,Bread250g,Quickmart,250g,250.0,kg,0.25,0.0,126.0,0.0,504.0,2026-09-21,https://www.quickmart.co.ke/bread-crumbs-250g-66
supa bread crumbs-regural 400g,Bread,Generic,Bread400g,Quickmart,400g,400.0,kg,0.4,0.0,210.0,0.0,525.0,2026-09-21,https://www.quickmart.co.ke/supa-bread-crumbs-regural-400g-16
supa bread crumbs-coarse 400g,Bread,Generic,Bread400g,Quickmart,400g,400.0,kg,0.4,0.0,210.0,0.0,525.0,2026-09-21,https://www.quickmart.co.ke/supa-bread-crumbs-coarse-400g-7
supa bread crumbs-coarse 200g,Bread,Generic,Bread200g,Quickmart,200g,200.0,kg,0.2,0.0,110.0,0.0,550.0,2026-09-21,https://www.quickmart.co.ke/supa-bread-crumbs-coarse-200g-12
supa bread crumbs -super fine 200g,Bread,Generic,Bread200g,Quickmart,200g,200.0,kg,0.2,0.0,110.0,0.0,550.0,2026-09-21,https://www.quickmart.co.ke/supa-bread-crumbs-super-fine-200g-5
supa bread crumbs-super fine 400g,Bread,Generic,Bread400g,Quickmart,400g,400.0,kg,0.4,0.0,210.0,0.0,525.0,2026-09-21,https://www.quickmart.co.ke/supa-bread-crumbs-super-fine-400g-12
festive milky white 600gms,Milk,Festive,MilkFestive600g,Quickmart,600g,600.0,kg,0.6,0.0,100.0,0.0,166.66666666666669,2026-09-21,https://www.quickmart.co.ke/festive-milky-white-600gms-64
sunrice basmati rice 5kg,Rice,Generic,Rice5kg,Quickmart,5kg,5.0,kg,5.0,1863.0,1399.0,464.0,279.8,2026-09-21,https://www.quickmart.co.ke/sunrice-basmati-rice-5kg-35
cil pishori rice 5kg,Rice,Generic,Rice5kg,Quickmart,5kg,5.0,kg,5.0,1499.0,1389.0,110.0,277.8,2026-09-21,https://www.quickmart.co.ke/cil-pishori-rice-5kg-23
cil aromatic pishori rice 2kg,Rice,Generic,Rice2kg,Quickmart,2kg,2.0,kg,2.0,604.0,562.0,42.0,281.0,2026-09-21,https://www.quickmart.co.ke/cil-aromatic-pishori-rice-2kg-10
pearl rice pishori long 5kg,Rice,Generic,Rice5kg,Quickmart,5kg,5.0,kg,5.0,1600.0,1488.0,112.0,297.6,2026-09-21,https://www.quickmart.co.ke/pearl-rice-pishori-long-5kg-58
daawat basmati rice 5kg,Rice,Generic,Rice5kg,Quickmart,5kg,5.0,kg,5.0,1647.0,1299.0,348.0,259.8,2026-09-21,https://www.quickmart.co.ke/daawat-basmati-rice-5kg-37
cil blended rice 5kg,Rice,Generic,Rice5kg,Quickmart,5kg,5.0,kg,5.0,900.0,828.0,72.0,165.6,2026-09-21,https://www.quickmart.co.ke/cil-blended-rice-5kg-32
guru premium blended pishori rice 5kg,Rice,Generic,Rice5kg,Quickmart,5kg,5.0,kg,5.0,0.0,999.0,0.0,199.8,2026-09-21,https://www.quickmart.co.ke/guru-premium-blended-pishori-rice-5kg-36
daawat long grain rice 5kg,Rice,Generic,Rice5kg,Quickmart,5kg,5.0,kg,5.0,855.0,749.0,106.0,149.8,2026-09-21,https://www.quickmart.co.ke/daawat-long-grain-rice-5kg-20
guru blended prem pishori rice 1kg,Rice,Generic,Rice1kg,Quickmart,1kg,1.0,kg,1.0,0.0,260.0,0.0,260.0,2026-09-21,https://www.quickmart.co.ke/guru-blended-prem-pishori-rice-1kg-53
cil blended rice 2kg,Rice,Generic,Rice2kg,Quickmart,2kg,2.0,kg,2.0,365.0,336.0,29.0,168.0,2026-09-21,https://www.quickmart.co.ke/cil-blended-rice-2kg-10
daawat deli basmati rice 5kg,Rice,Generic,Rice5kg,Quickmart,5kg,5.0,kg,5.0,1557.0,1349.0,208.0,269.8,2026-09-21,https://www.quickmart.co.ke/daawat-deli-basmati-rice-5kg-37
baraka biryani life rice 2kg,Rice,Generic,Rice2kg,Quickmart,2kg,2.0,kg,2.0,415.0,353.0,62.0,176.5,2026-09-21,https://www.quickmart.co.ke/baraka-biryani-life-rice-2kg-35
ranee rice long grain 1kg,Rice,Generic,Rice1kg,Quickmart,1kg,1.0,kg,1.0,0.0,170.0,0.0,170.0,2026-09-21,https://www.quickmart.co.ke/ranee-rice-long-grain-1kg-26
sunrice basmati rice 1kg,Rice,Generic,Rice1kg,Quickmart,1kg,1.0,kg,1.0,0.0,384.0,0.0,384.0,2026-09-21,https://www.quickmart.co.ke/sunrice-basmati-rice-1kg-36
pearl rice pishori long grain 2kg,Rice,Generic,Rice2kg,Quickmart,2kg,2.0,kg,2.0,644.0,599.0,45.0,299.5,2026-09-21,https://www.quickmart.co.ke/pearl-rice-pishori-long-grain-2kg-35
baraka long grain life rice 5kg,Rice,Generic,Rice5kg,Quickmart,5kg,5.0,kg,5.0,672.0,571.0,101.0,114.2,2026-09-21,https://www.quickmart.co.ke/baraka-long-grain-life-rice-5kg-32
pearl super basmati rice 2kg,Rice,Generic,Rice2kg,Quickmart,2kg,2.0,kg,2.0,786.0,629.0,157.0,314.5,2026-09-21,https://www.quickmart.co.ke/pearl-super-basmati-rice-2kg-23
quick choice long grain rice 2kg,Rice,Generic,Rice2kg,Quickmart,2kg,2.0,kg,2.0,0.0,355.0,0.0,177.5,2026-09-21,https://www.quickmart.co.ke/quick-choice-long-grain-rice-2kg-95
ajab rice 25 kg,Rice,Generic,Rice25kg,Quickmart,25kg,25.0,kg,25.0,0.0,2450.0,0.0,98.0,2026-09-21,https://www.quickmart.co.ke/ajab-rice-25-kg-21
sunrice long grain rice 1kg,Rice,Generic,Rice1kg,Quickmart,1kg,1.0,kg,1.0,0.0,193.0,0.0,193.0,2026-09-21,https://www.quickmart.co.ke/sunrice-long-grain-rice-1kg-32
baraka life extra long grain rice 2kg,Rice,Generic,Rice2kg,Quickmart,2kg,2.0,kg,2.0,268.0,228.0,40.0,114.0,2026-09-21,https://www.quickmart.co.ke/baraka-life-extra-long-grain-rice-2kg-18
cil blended rice 1kg,Rice,Generic,Rice1kg,Quickmart,1kg,1.0,kg,1.0,0.0,185.0,0.0,185.0,2026-09-21,https://www.quickmart.co.ke/cil-blended-rice-1kg-26
baraka basmati life rice 2kg,Rice,Generic,Rice2kg,Quickmart,2kg,2.0,kg,2.0,640.0,545.0,95.0,272.5,2026-09-21,https://www.quickmart.co.ke/baraka-basmati-life-rice-2kg-36
baraka biryani life rice 1kg,Rice,Generic,Rice1kg,Quickmart,1kg,1.0,kg,1.0,210.0,178.0,32.0,178.0,2026-09-21,https://www.quickmart.co.ke/baraka-biryani-life-rice-1kg-36
daawat biryani rice 5kg,Rice,Generic,Rice5kg,Quickmart,5kg,5.0,kg,5.0,0.0,1359.0,0.0,271.8,2026-09-21,https://www.quickmart.co.ke/daawat-biryani-rice-5kg-25
cil pishori aromatic rice 1kg,Rice,Generic,Rice1kg,Quickmart,1kg,1.0,kg,1.0,0.0,303.0,0.0,303.0,2026-09-21,https://www.quickmart.co.ke/cil-pishori-aromatic-rice-1kg-36
falcon himalayan basmati rice 5kg,Rice,Generic,Rice5kg,Quickmart,5kg,5.0,kg,5.0,0.0,1725.0,0.0,345.0,2026-09-21,https://www.quickmart.co.ke/falcon-himalayan-basmati-rice-5kg-29
baraka biryani life rice 5kg,Rice,Generic,Rice5kg,Quickmart,5kg,5.0,kg,5.0,1035.0,880.0,155.0,176.0,2026-09-21,https://www.quickmart.co.ke/baraka-biryani-life-rice-5kg-26
baraka basmati life rice 5kg,Rice,Generic,Rice5kg,Quickmart,5kg,5.0,kg,5.0,1590.0,1351.0,239.0,270.2,2026-09-21,https://www.quickmart.co.ke/baraka-basmati-life-rice-5kg-42
s&s mwea pishori rice 1kg,Rice,Generic,Rice1kg,Quickmart,1kg,1.0,kg,1.0,0.0,302.0,0.0,302.0,2026-09-21,https://www.quickmart.co.ke/s-s-mwea-pishori-rice-1kg-37
pearl super basmati rice 5kg,Rice,Generic,Rice5kg,Quickmart,5kg,5.0,kg,5.0,1955.0,1564.0,391.0,312.8,2026-09-21,https://www.quickmart.co.ke/pearl-super-basmati-rice-5kg-29
sunrice basmati rice 2kg,Rice,Generic,Rice2kg,Quickmart,2kg,2.0,kg,2.0,0.0,767.0,0.0,383.5,2026-09-21,https://www.quickmart.co.ke/sunrice-basmati-rice-2kg
224 long grain rice 1kg,Rice,Generic,Rice224l,Quickmart,224l,224.0,litres,224.0,0.0,162.0,0.0,0.7232142857142857,2026-09-21,https://www.quickmart.co.ke/224-long-grain-rice-1kg-38
daawat basmati rice 2kg,Rice,Generic,Rice2kg,Quickmart,2kg,2.0,kg,2.0,0.0,666.0,0.0,333.0,2026-09-21,https://www.quickmart.co.ke/daawat-basmati-rice-2kg-38
daawat aromatic rice 2kg,Rice,Generic,Rice2kg,Quickmart,2kg,2.0,kg,2.0,0.0,594.0,0.0,297.0,2026-09-21,https://www.quickmart.co.ke/daawat-aromatic-rice-2kg-19
daawat basmati rice 1kg,Rice,Generic,Rice1kg,Quickmart,1kg,1.0,kg,1.0,0.0,334.0,0.0,334.0,2026-09-21,https://www.quickmart.co.ke/daawat-basmati-rice-1kg-38
guru blended prem pishori rice 2kg,Rice,Generic,Rice2kg,Quickmart,2kg,2.0,kg,2.0,0.0,518.0,0.0,259.0,2026-09-21,https://www.quickmart.co.ke/guru-blended-prem-pishori-rice-2kg-20
daawat long grain rice 2kg,Rice,Generic,Rice2kg,Quickmart,2kg,2.0,kg,2.0,0.0,342.0,0.0,171.0,2026-09-21,https://www.quickmart.co.ke/daawat-long-grain-rice-2kg-37
daawat long grain rice 1kg,Rice,Generic,Rice1kg,Quickmart,1kg,1.0,kg,1.0,0.0,172.0,0.0,172.0,2026-09-21,https://www.quickmart.co.ke/daawat-long-grain-rice-1kg-37
pearl super basmati rice 1kg,Rice,Generic,Rice1kg,Quickmart,1kg,1.0,kg,1.0,0.0,395.0,0.0,395.0,2026-09-21,https://www.quickmart.co.ke/pearl-super-basmati-rice-1kg-24
sunrice biryani rice 1kg,Rice,Generic,Rice1kg,Quickmart,1kg,1.0,kg,1.0,0.0,254.0,0.0,254.0,2026-09-21,https://www.quickmart.co.ke/sunrice-biryani-rice-1kg-27
cil brown rice 1kg,Rice,Generic,Rice1kg,Quickmart,1kg,1.0,kg,1.0,0.0,349.0,0.0,349.0,2026-09-21,https://www.quickmart.co.ke/cil-brown-rice-1kg-47
224 aromatic rice 5kg,Rice,Generic,Rice5kg,Quickmart,5kg,5.0,kg,5.0,0.0,1118.0,0.0,223.6,2026-09-21,https://www.quickmart.co.ke/224-aromatic-rice-5kg-59
ranee premium rice 5kg,Rice,Generic,Rice5kg,Quickmart,5kg,5.0,kg,5.0,0.0,1855.0,0.0,371.0,2026-09-21,https://www.quickmart.co.ke/ranee-premium-rice-5kg-35
daawat biryani rice 1kg,Rice,Generic,Rice1kg,Quickmart,1kg,1.0,kg,1.0,0.0,279.0,0.0,279.0,2026-09-21,https://www.quickmart.co.ke/daawat-biryani-rice-1kg-58
sunrice biryani rice 5kg,Rice,Generic,Rice5kg,Quickmart,5kg,5.0,kg,5.0,0.0,1254.0,0.0,250.8,2026-09-21,https://www.quickmart.co.ke/sunrice-biryani-rice-5kg-35
jamii pishori rice 2kg,Rice,Generic,Rice2kg,Quickmart,2kg,2.0,kg,2.0,0.0,515.0,0.0,257.5,2026-09-21,https://www.quickmart.co.ke/jamii-pishori-rice-2kg-21
daawat biryani rice 2kg,Rice,Generic,Rice2kg,Quickmart,2kg,2.0,kg,2.0,0.0,549.0,0.0,274.5,2026-09-21,https://www.quickmart.co.ke/daawat-biryani-rice-2kg-21
kpl pakistan long grain rice 2kg,Rice,Generic,Rice2kg,Quickmart,2kg,2.0,kg,2.0,0.0,324.0,0.0,162.0,2026-09-21,https://www.quickmart.co.ke/kpl-pakistan-long-grain-rice-2kg-34
pearl pishori rice long grain 1kg,Rice,Generic,Rice1kg,Quickmart,1kg,1.0,kg,1.0,0.0,323.0,0.0,323.0,2026-09-21,https://www.quickmart.co.ke/pearl-pishori-rice-long-grain-1kg-61
sunrice long grain rice 5kg,Rice,Generic,Rice5kg,Quickmart,5kg,5.0,kg,5.0,0.0,949.0,0.0,189.8,2026-09-21,https://www.quickmart.co.ke/sunrice-long-grain-rice-5kg-33
ranee long grain rice 5kg,Rice,Generic,Rice5kg,Quickmart,5kg,5.0,kg,5.0,0.0,842.0,0.0,168.4,2026-09-21,https://www.quickmart.co.ke/ranee-long-grain-rice-5kg-35
sunrice kenya pishori rice 2kg,Rice,Generic,Rice2kg,Quickmart,2kg,2.0,kg,2.0,0.0,600.0,0.0,300.0,2026-09-21,https://www.quickmart.co.ke/sunrice-kenya-pishori-rice-2kg-36
sunrice kenya pishori rice 5kg,Rice,Generic,Rice5kg,Quickmart,5kg,5.0,kg,5.0,0.0,1480.0,0.0,296.0,2026-09-21,https://www.quickmart.co.ke/sunrice-kenya-pishori-rice-5kg-37
kpl long grain rice 5kg,Rice,Generic,Rice5kg,Quickmart,5kg,5.0,kg,5.0,0.0,800.0,0.0,160.0,2026-09-21,https://www.quickmart.co.ke/kpl-long-grain-rice-5kg-46
daawat brown rice 1kg,Rice,Generic,Rice1kg,Quickmart,1kg,1.0,kg,1.0,0.0,360.0,0.0,360.0,2026-09-21,https://www.quickmart.co.ke/daawat-brown-rice-1kg-24
family taste basmati rice 5kg,Rice,Generic,Rice5kg,Quickmart,5kg,5.0,kg,5.0,0.0,1179.0,0.0,235.8,2026-09-21,https://www.quickmart.co.ke/family-taste-basmati-rice-5kg-30
ranee premium basmati rice 2kg,Rice,Generic,Rice2kg,Quickmart,2kg,2.0,kg,2.0,0.0,746.0,0.0,373.0,2026-09-21,https://www.quickmart.co.ke/ranee-premium-basmati-rice-2kg-34
sunrice long grain rice 2kg,Rice,Generic,Rice2kg,Quickmart,2kg,2.0,kg,2.0,0.0,386.0,0.0,193.0,2026-09-21,https://www.quickmart.co.ke/sunrice-long-grain-rice-2kg-35
sunrice biryani rice 2kg,Rice,Generic,Rice2kg,Quickmart,2kg,2.0,kg,2.0,0.0,508.0,0.0,254.0,2026-09-21,https://www.quickmart.co.ke/sunrice-biryani-rice-2kg-26
merry's gold pure pishori rice 5kg,Rice,Generic,Rice5kg,Quickmart,5kg,5.0,kg,5.0,0.0,1172.0,0.0,234.4,2026-09-21,https://www.quickmart.co.ke/merry's-gold-pure-pishori-rice-5kg-24
cereal box sindano rice per 500g,Rice,Generic,Rice500g,Quickmart,500g,500.0,kg,0.5,0.0,115.0,0.0,230.0,2026-09-21,https://www.quickmart.co.ke/cereal-box-sindano-rice-per-500g-1
quick choice long grain rice 1kg,Rice,Generic,Rice1kg,Quickmart,1kg,1.0,kg,1.0,0.0,170.0,0.0,170.0,2026-09-21,https://www.quickmart.co.ke/quick-choice-long-grain-rice-1kg-24
quick choice parboiled basmati rice 2kg,Cooking Oil,Generic,Cooking Oil2kg,Quickmart,2kg,2.0,kg,2.0,0.0,418.0,0.0,209.0,2026-09-21,https://www.quickmart.co.ke/quick-choice-parboiled-basmati-rice-2kg-35
quick choice white basmatic rice 2kg,Rice,Generic,Rice2kg,Quickmart,2kg,2.0,kg,2.0,0.0,478.0,0.0,239.0,2026-09-21,https://www.quickmart.co.ke/quick-choice-white-basmatic-rice-2kg-30
ranee rice long grain 2kg everyday,Rice,Generic,Rice2kg,Quickmart,2kg,2.0,kg,2.0,0.0,339.0,0.0,169.5,2026-09-21,https://www.quickmart.co.ke/ranee-rice-long-grain-2kg-everyday-63
s&s mwea pishori rice 5kg,Rice,Generic,Rice5kg,Quickmart,5kg,5.0,kg,5.0,0.0,1474.0,0.0,294.8,2026-09-21,https://www.quickmart.co.ke/s-s-mwea-pishori-rice-5kg-67
kcl mrpp mwea variety rice 2kg,Rice,Generic,Rice2kg,Quickmart,2kg,2.0,kg,2.0,0.0,434.0,0.0,217.0,2026-09-21,https://www.quickmart.co.ke/kcl-mrpp-mwea-variety-rice-2kg-30
cereal box brown rice dmc per 500g,Rice,Generic,Rice500g,Quickmart,500g,500.0,kg,0.5,0.0,142.5,0.0,285.0,2026-09-21,https://www.quickmart.co.ke/cereal-box-brown-rice-dmc-per-500g
kcl real aromatic pishori/basmati rice 2kg,Rice,Generic,Rice2kg,Quickmart,2kg,2.0,kg,2.0,0.0,451.0,0.0,225.5,2026-09-21,https://www.quickmart.co.ke/kcl-real-aromatic-pishori/basmati-rice-2kg-35
cereal box mwea pishori rice dmc per 500g,Rice,Generic,Rice500g,Quickmart,500g,500.0,kg,0.5,0.0,132.5,0.0,265.0,2026-09-21,https://www.quickmart.co.ke/cereal-box-mwea-pishori-rice-dmc-per-500g-1
fresh pilau rice per 400g,Rice,Generic,Rice400g,Quickmart,400g,400.0,kg,0.4,0.0,319.6,0.0,799.0,2026-09-21,https://www.quickmart.co.ke/fresh-pilau-rice-per-400g-46
fresh chicken chinese rice per 400g,Rice,Generic,Rice400g,Quickmart,400g,400.0,kg,0.4,0.0,287.6,0.0,719.0,2026-09-21,https://www.quickmart.co.ke/fresh-chicken-chinese-rice-per-400g-53
bravo puppy chicken & rice 15kg,Rice,Generic,Rice15kg,Quickmart,15kg,15.0,kg,15.0,0.0,5335.0,0.0,355.6666666666667,2026-09-21,https://www.quickmart.co.ke/bravo-puppy-chicken-rice-15kg-31
topdog rice 2kg,Rice,Generic,Rice2kg,Quickmart,2kg,2.0,kg,2.0,0.0,455.0,0.0,227.5,2026-09-21,https://www.quickmart.co.ke/topdog-rice-2kg-63
topdog rice 10kg,Rice,Generic,Rice10kg,Quickmart,10kg,10.0,kg,10.0,0.0,2225.0,0.0,222.5,2026-09-21,https://www.quickmart.co.ke/topdog-rice-10kg-63
topdog rice 5kg,Rice,Generic,Rice5kg,Quickmart,5kg,5.0,kg,5.0,0.0,1120.0,0.0,224.0,2026-09-21,https://www.quickmart.co.ke/topdog-rice-5kg-63
scooby dog rice 5kg,Rice,Generic,Rice5kg,Quickmart,5kg,5.0,kg,5.0,0.0,1050.0,0.0,210.0,2026-09-21,https://www.quickmart.co.ke/scooby-dog-rice-5kg-28
scooby dog rice 2kg,Rice,Generic,Rice2kg,Quickmart,2kg,2.0,kg,2.0,0.0,460.0,0.0,230.0,2026-09-21,https://www.quickmart.co.ke/scooby-dog-rice-2kg-28
topdog puppy rice & fish 5kg,Rice,Generic,Rice5kg,Quickmart,5kg,5.0,kg,5.0,0.0,2110.0,0.0,422.0,2026-09-21,https://www.quickmart.co.ke/topdog-puppy-rice-fish-5kg-27
topdog puppy rice & fish 2kg,Rice,Generic,Rice2kg,Quickmart,2kg,2.0,kg,2.0,0.0,870.0,0.0,435.0,2026-09-21,https://www.quickmart.co.ke/topdog-puppy-rice-fish-2kg-28
fresh cashewnut rice per 400g,Rice,Generic,Rice400g,Quickmart,400g,400.0,kg,0.4,0.0,223.6,0.0,559.0,2026-09-21,https://www.quickmart.co.ke/fresh-cashewnut-rice-per-400g-57
fresh vegetable rice per 400g,Rice,Generic,Rice400g,Quickmart,400g,400.0,kg,0.4,0.0,219.6,0.0,549.0,2026-09-21,https://www.quickmart.co.ke/fresh-vegetable-rice-per-400g-51
morning harvest choco rice breakfast cereal 250g,Rice,Generic,Rice250g,Quickmart,250g,250.0,kg,0.25,0.0,349.0,0.0,1396.0,2026-09-21,https://www.quickmart.co.ke/morning-harvest-choco-rice-breakfast-cereal-250g-63
nutrameal rice flour 1kg,Wheat Flour,Generic,Wheat Flour1kg,Quickmart,1kg,1.0,kg,1.0,0.0,193.0,0.0,193.0,2026-09-21,https://www.quickmart.co.ke/nutrameal-rice-flour-1kg-12
asantee turmeric & rice milk honey 125g,Rice,Generic,Rice125g,Quickmart,125g,125.0,kg,0.125,0.0,280.0,0.0,2240.0,2026-09-21,https://www.quickmart.co.ke/asantee-turmeric-rice-milk-honey-125g-35
s&s parboiled basmati rice 5kg,Cooking Oil,Generic,Cooking Oil5kg,Quickmart,5kg,5.0,kg,5.0,0.0,1025.0,0.0,205.0,2026-09-21,https://www.quickmart.co.ke/s-s-parboiled-basmati-rice-5kg-10
fresh fri vegetable cooking oil 1l,Cooking Oil,Generic,Cooking Oil1l,Quickmart,1l,1.0,litres,1.0,350.0,336.0,14.0,336.0,2026-09-21,https://www.quickmart.co.ke/fresh-fri-vegetable-cooking-oil-1l-33
rina vegetable cooking oil 2l,Cooking Oil,Generic,Cooking Oil2l,Quickmart,2l,2.0,litres,2.0,0.0,680.0,0.0,340.0,2026-09-21,https://www.quickmart.co.ke/rina-vegetable-cooking-oil-2l-37
top fry vegetable cooking oil 3l,Cooking Oil,Generic,Cooking Oil3l,Quickmart,3l,3.0,litres,3.0,889.0,854.0,35.0,284.6666666666667,2026-09-21,https://www.quickmart.co.ke/top-fry-vegetable-cooking-oil-3l-63
fresh fri vegetable cooking oil 5l,Cooking Oil,Generic,Cooking Oil5l,Quickmart,5l,5.0,litres,5.0,1600.0,1399.0,201.0,279.8,2026-09-21,https://www.quickmart.co.ke/fresh-fri-vegetable-cooking-oil-5l-34
rina vegetable cooking oil 5l,Cooking Oil,Generic,Cooking Oil5l,Quickmart,5l,5.0,litres,5.0,0.0,1506.0,0.0,301.2,2026-09-21,https://www.quickmart.co.ke/rina-vegetable-cooking-oil-5l-63
top fry vegetable cooking oil 2l,Cooking Oil,Generic,Cooking Oil2l,Quickmart,2l,2.0,litres,2.0,595.0,580.0,15.0,290.0,2026-09-21,https://www.quickmart.co.ke/top-fry-vegetable-cooking-oil-2l-63
golden fry vegetable cooking oil 5l,Cooking Oil,Generic,Cooking Oil5l,Quickmart,5l,5.0,litres,5.0,0.0,1399.0,0.0,279.8,2026-09-21,https://www.quickmart.co.ke/golden-fry-vegetable-cooking-oil-5l-63
avena vegetable cooking oil 5l,Cooking Oil,Generic,Cooking Oil5l,Quickmart,5l,5.0,litres,5.0,0.0,1610.0,0.0,322.0,2026-09-21,https://www.quickmart.co.ke/avena-vegetable-cooking-oil-5l-35
top fry vegetable cooking oil 5l,Cooking Oil,Generic,Cooking Oil5l,Quickmart,5l,5.0,litres,5.0,1457.0,1399.0,58.0,279.8,2026-09-21,https://www.quickmart.co.ke/top-fry-vegetable-cooking-oil-5l-63
top fry vegetable cooking oil 1l,Cooking Oil,Generic,Cooking Oil1l,Quickmart,1l,1.0,litres,1.0,311.0,295.0,16.0,295.0,2026-09-21,https://www.quickmart.co.ke/top-fry-vegetable-cooking-oil-1l-63
fresh fri vegetable cooking oil 2l,Cooking Oil,Generic,Cooking Oil2l,Quickmart,2l,2.0,litres,2.0,680.0,639.0,41.0,319.5,2026-09-21,https://www.quickmart.co.ke/fresh-fri-vegetable-cooking-oil-2l-35
rina vegetable cooking oil 1l,Cooking Oil,Generic,Cooking Oil1l,Quickmart,1l,1.0,litres,1.0,0.0,360.0,0.0,360.0,2026-09-21,https://www.quickmart.co.ke/rina-vegetable-cooking-oil-1l-63
rina vegetable cooking oil 3l,Cooking Oil,Generic,Cooking Oil3l,Quickmart,3l,3.0,litres,3.0,0.0,965.0,0.0,321.6666666666667,2026-09-21,https://www.quickmart.co.ke/rina-vegetable-cooking-oil-3l-63
golden fry vegetable cooking oil 2l,Cooking Oil,Generic,Cooking Oil2l,Quickmart,2l,2.0,litres,2.0,0.0,635.0,0.0,317.5,2026-09-21,https://www.quickmart.co.ke/golden-fry-vegetable-cooking-oil-2l-35
fresh fri vegetable cooking oil 3l,Cooking Oil,Generic,Cooking Oil3l,Quickmart,3l,3.0,litres,3.0,1060.0,996.0,64.0,332.0,2026-09-21,https://www.quickmart.co.ke/fresh-fri-vegetable-cooking-oil-3l-32
fresh fri vegetable cooking oil 500ml,Cooking Oil,Generic,Cooking Oil500ml,Quickmart,500ml,500.0,litres,0.5,190.0,175.0,15.0,350.0,2026-09-21,https://www.quickmart.co.ke/fresh-fri-vegetable-cooking-oil-500ml-32
fresh fri vegetable cooking oil 10l,Cooking Oil,Generic,Cooking Oil10l,Quickmart,10l,10.0,litres,10.0,0.0,3035.0,0.0,303.5,2026-09-21,https://www.quickmart.co.ke/fresh-fri-vegetable-cooking-oil-10l-36
rinsun sunflower cooking oil 5l,Cooking Oil,Generic,Cooking Oil5l,Quickmart,5l,5.0,litres,5.0,2065.0,1859.0,206.0,371.8,2026-09-21,https://www.quickmart.co.ke/rinsun-sunflower-cooking-oil-5l-35
elianto corn cooking oil 5l,Cooking Oil,Generic,Cooking Oil5l,Quickmart,5l,5.0,litres,5.0,0.0,2623.0,0.0,524.6,2026-09-21,https://www.quickmart.co.ke/elianto-corn-cooking-oil-5l-36
rinsun 100% sunflower cooking oil 1l,Cooking Oil,Generic,Cooking Oil1l,Quickmart,1l,1.0,litres,1.0,490.0,441.0,49.0,441.0,2026-09-21,https://www.quickmart.co.ke/rinsun-100-sunflower-cooking-oil-1l-35
avena vegetable cooking oil 2l,Cooking Oil,Generic,Cooking Oil2l,Quickmart,2l,2.0,litres,2.0,0.0,690.0,0.0,345.0,2026-09-21,https://www.quickmart.co.ke/avena-vegetable-cooking-oil-2l-32
kimbo premium cooking oil 2l,Cooking Oil,Generic,Cooking Oil2l,Quickmart,2l,2.0,litres,2.0,0.0,790.0,0.0,395.0,2026-09-21,https://www.quickmart.co.ke/kimbo-premium-cooking-oil-2l-36
avena vegetable cooking oil 3l,Cooking Oil,Generic,Cooking Oil3l,Quickmart,3l,3.0,litres,3.0,0.0,1075.0,0.0,358.3333333333333,2026-09-21,https://www.quickmart.co.ke/avena-vegetable-cooking-oil-3l-35
golden fry vegetable cooking oil 1l,Cooking Oil,Generic,Cooking Oil1l,Quickmart,1l,1.0,litres,1.0,0.0,358.0,0.0,358.0,2026-09-21,https://www.quickmart.co.ke/golden-fry-vegetable-cooking-oil-1l-63
elianto corn cooking oil 3l,Cooking Oil,Generic,Cooking Oil3l,Quickmart,3l,3.0,litres,3.0,0.0,1692.0,0.0,564.0,2026-09-21,https://www.quickmart.co.ke/elianto-corn-cooking-oil-3l-36
elianto corn cooking oil 1l,Cooking Oil,Generic,Cooking Oil1l,Quickmart,1l,1.0,litres,1.0,0.0,599.0,0.0,599.0,2026-09-21,https://www.quickmart.co.ke/elianto-corn-cooking-oil-1l-37
avena vegetable cooking oil 10l,Cooking Oil,Generic,Cooking Oil10l,Quickmart,10l,10.0,litres,10.0,0.0,2935.0,0.0,293.5,2026-09-21,https://www.quickmart.co.ke/avena-vegetable-cooking-oil-10l-36
rina vegetable cooking oil 20l,Cooking Oil,Generic,Cooking Oil20l,Quickmart,20l,20.0,litres,20.0,0.0,5780.0,0.0,289.0,2026-09-21,https://www.quickmart.co.ke/rina-vegetable-cooking-oil-20l-35
pika vegetable cooking oil 20l,Cooking Oil,Generic,Cooking Oil20l,Quickmart,20l,20.0,litres,20.0,0.0,5650.0,0.0,282.5,2026-09-21,https://www.quickmart.co.ke/pika-vegetable-cooking-oil-20l-35
sun gold seed cooking oil 5l,Cooking Oil,Generic,Cooking Oil5l,Quickmart,5l,5.0,litres,5.0,0.0,1825.0,0.0,365.0,2026-09-21,https://www.quickmart.co.ke/sun-gold-seed-cooking-oil-5l-36
sun gold seed cooking oil 3l,Cooking Oil,Generic,Cooking Oil3l,Quickmart,3l,3.0,litres,3.0,0.0,1221.0,0.0,407.0,2026-09-21,https://www.quickmart.co.ke/sun-gold-seed-cooking-oil-3l-33
sun gold seed cooking oil 1l,Cooking Oil,Generic,Cooking Oil1l,Quickmart,1l,1.0,litres,1.0,0.0,425.0,0.0,425.0,2026-09-21,https://www.quickmart.co.ke/sun-gold-seed-cooking-oil-1l-35
golden fry vegetable cooking oil 3l,Cooking Oil,Generic,Cooking Oil3l,Quickmart,3l,3.0,litres,3.0,0.0,945.0,0.0,315.0,2026-09-21,https://www.quickmart.co.ke/golden-fry-vegetable-cooking-oil-3l-63
rinsun 100% sunflower cooking oil 750ml,Cooking Oil,Generic,Cooking Oil750ml,Quickmart,750ml,750.0,litres,0.75,0.0,375.0,0.0,500.0,2026-09-21,https://www.quickmart.co.ke/rinsun-100-sunflower-cooking-oil-750ml-36
fresh fri cooking oil 15l with a tap,Cooking Oil,Generic,Cooking Oil15l,Quickmart,15l,15.0,litres,15.0,0.0,4200.0,0.0,280.0,2026-09-21,https://www.quickmart.co.ke/fresh-fri-cooking-oil-15l-with-a-tap-34
kentaste coconut oil 200ml/250ml,Cooking Oil,Generic,Cooking Oil200ml,Quickmart,200ml,200.0,litres,0.2,0.0,419.0,0.0,2095.0,2026-09-21,https://www.quickmart.co.ke/kentaste-coconut-oil-200ml/250ml-23
santa maria extra virgin olive oil 250ml,Cooking Oil,Generic,Cooking Oil250ml,Quickmart,250ml,250.0,litres,0.25,925.0,825.0,100.0,3300.0,2026-09-21,https://www.quickmart.co.ke/santa-maria-extra-virgin-olive-oil-250ml-63
kentaste coconut oil 400ml,Cooking Oil,Generic,Cooking Oil400ml,Quickmart,400ml,400.0,litres,0.4,0.0,704.0,0.0,1760.0,2026-09-21,https://www.quickmart.co.ke/kentaste-coconut-oil-400ml-55
kentaste virgin coconut oil 15ml 1pc,Cooking Oil,Generic,Cooking Oil15ml,Quickmart,15ml,15.0,litres,0.015,0.0,20.0,0.0,1333.3333333333335,2026-09-21,https://www.quickmart.co.ke/kentaste-virgin-coconut-oil-15ml-1pc-24
rinsun 100% sunflower oil 500ml,Cooking Oil,Generic,Cooking Oil500ml,Quickmart,500ml,500.0,litres,0.5,0.0,245.0,0.0,490.0,2026-09-21,https://www.quickmart.co.ke/rinsun-100-sunflower-oil-500ml-63
kentaste coconut oil 60ml,Cooking Oil,Generic,Cooking Oil60ml,Quickmart,60ml,60.0,litres,0.06,0.0,104.0,0.0,1733.3333333333335,2026-09-21,https://www.quickmart.co.ke/kentaste-coconut-oil-60ml-50
hurricane toilet cleaner - 500ml value pack,Cooking Oil,Generic,Cooking Oil500ml,Quickmart,500ml,500.0,litres,0.5,0.0,375.0,0.0,750.0,2026-09-21,https://www.quickmart.co.ke/hurricane-toilet-cleaner-500ml-value-pack-20
loosafe blue toilet cleaner acidic 500ml,Cooking Oil,Generic,Cooking Oil500ml,Quickmart,500ml,500.0,litres,0.5,305.0,185.0,120.0,370.0,2026-09-21,https://www.quickmart.co.ke/loosafe-blue-toilet-cleaner-acidic-500ml-38
vim lavender toilet cleaner 500ml,Cooking Oil,Generic,Cooking Oil500ml,Quickmart,500ml,500.0,litres,0.5,0.0,299.0,0.0,598.0,2026-09-21,https://www.quickmart.co.ke/vim-lavender-toilet-cleaner-500ml-24
tropikal toilet cleaner fresh - 500ml,Cooking Oil,Generic,Cooking Oil500ml,Quickmart,500ml,500.0,litres,0.5,0.0,395.0,0.0,790.0,2026-09-21,https://www.quickmart.co.ke/tropikal-toilet-cleaner-fresh-500ml-44
ors olive oil sheen spray - 250ml,Cooking Oil,Generic,Cooking Oil250ml,Quickmart,250ml,250.0,litres,0.25,0.0,350.0,0.0,1400.0,2026-09-21,https://www.quickmart.co.ke/ors-olive-oil-sheen-spray-250ml-22
loosafe toilet cleaner lemon citrus 500ml,Cooking Oil,Generic,Cooking Oil500ml,Quickmart,500ml,500.0,litres,0.5,305.0,185.0,120.0,370.0,2026-09-21,https://www.quickmart.co.ke/loosafe-toilet-cleaner-lemon-citrus-500ml-34
nice and lovely new flawless bio body oil 100ml,Cooking Oil,Generic,Cooking Oil100ml,Quickmart,100ml,100.0,litres,0.1,0.0,750.0,0.0,7500.0,2026-09-21,https://www.quickmart.co.ke/nice-and-lovely-new-flawless-bio-body-oil-100ml-63
flamingo soap 90g x 3 marula oil,Cooking Oil,Generic,Cooking Oil90g,Quickmart,90g,90.0,kg,0.09,0.0,155.0,0.0,1722.2222222222224,2026-09-21,https://www.quickmart.co.ke/flamingo-soap-90g-x-3-marula-oil-24
ideal olive oil - 25ml,Cooking Oil,Generic,Cooking Oil25ml,Quickmart,25ml,25.0,litres,0.025,0.0,125.0,0.0,5000.0,2026-09-21,https://www.quickmart.co.ke/ideal-olive-oil-25ml-14
atilla toilet cleaner velvet infusion - 500ml,Cooking Oil,Generic,Cooking Oil500ml,Quickmart,500ml,500.0,litres,0.5,260.0,195.0,65.0,390.0,2026-09-21,https://www.quickmart.co.ke/atilla-toilet-cleaner-velvet-infusion-500ml-29
sawa toilet soap white 250g,Cooking Oil,Generic,Cooking Oil250g,Quickmart,250g,250.0,kg,0.25,0.0,90.0,0.0,360.0,2026-09-21,https://www.quickmart.co.ke/sawa-toilet-soap-white-250g-50
jogoo maize meal 2kg,Maize Meal,Generic,Maize Meal2kg,Quickmart,2kg,2.0,kg,2.0,0.0,149.0,0.0,74.5,2026-09-21,https://www.quickmart.co.ke/jogoo-maize-meal-2kg-53
ajab premium fortified sifted maize meal 2kg,Maize Meal,Generic,Maize Meal2kg,Quickmart,2kg,2.0,kg,2.0,177.0,162.0,15.0,81.0,2026-09-21,https://www.quickmart.co.ke/ajab-premium-fortified-sifted-maize-meal-2kg-43
lea premium maize meal 2kg,Maize Meal,Generic,Maize Meal2kg,Quickmart,2kg,2.0,kg,2.0,196.0,170.0,26.0,85.0,2026-09-21,https://www.quickmart.co.ke/lea-premium-maize-meal-2kg-28
raha premium maize meal 2 kg,Maize Meal,Generic,Maize Meal2kg,Quickmart,2kg,2.0,kg,2.0,0.0,197.0,0.0,98.5,2026-09-21,https://www.quickmart.co.ke/raha-premium-maize-meal-2-kg-11
mfalme 2kg sifted maize meal,Maize Meal,Generic,Maize Meal2kg,Quickmart,2kg,2.0,kg,2.0,0.0,145.0,0.0,72.5,2026-09-21,https://www.quickmart.co.ke/mfalme-2kg-sifted-maize-meal-40
joymax maize meal 5kg,Maize Meal,Generic,Maize Meal5kg,Quickmart,5kg,5.0,kg,5.0,0.0,345.0,0.0,69.0,2026-09-21,https://www.quickmart.co.ke/joymax-maize-meal-5kg-28
spenza premium maize meal 2kg,Maize Meal,Generic,Maize Meal2kg,Quickmart,2kg,2.0,kg,2.0,0.0,202.0,0.0,101.0,2026-09-21,https://www.quickmart.co.ke/spenza-premium-maize-meal-2kg-57
joymax maize meal 10kg,Maize Meal,Generic,Maize Meal10kg,Quickmart,10kg,10.0,kg,10.0,0.0,645.0,0.0,64.5,2026-09-21,https://www.quickmart.co.ke/joymax-maize-meal-10kg-28
ndovu maize meal 5kg,Maize Meal,Generic,Maize Meal5kg,Quickmart,5kg,5.0,kg,5.0,0.0,350.0,0.0,70.0,2026-09-21,https://www.quickmart.co.ke/ndovu-maize-meal-5kg-12
raha premium maize meal 5 kg,Maize Meal,Generic,Maize Meal5kg,Quickmart,5kg,5.0,kg,5.0,0.0,495.0,0.0,99.0,2026-09-21,https://www.quickmart.co.ke/raha-premium-maize-meal-5-kg-24
hodari maize meal flour 2kg,Maize Meal,Generic,Maize Meal2kg,Quickmart,2kg,2.0,kg,2.0,0.0,143.0,0.0,71.5,2026-09-21,https://www.quickmart.co.ke/hodari-maize-meal-flour-2kg-26
joymax maize meal 2kg,Maize Meal,Generic,Maize Meal2kg,Quickmart,2kg,2.0,kg,2.0,0.0,140.0,0.0,70.0,2026-09-21,https://www.quickmart.co.ke/joymax-maize-meal-2kg-35
ndovu maize meal 10kg,Maize Meal,Generic,Maize Meal10kg,Quickmart,10kg,10.0,kg,10.0,0.0,685.0,0.0,68.5,2026-09-21,https://www.quickmart.co.ke/ndovu-maize-meal-10kg-12
lea premium maize meal 1kg,Maize Meal,Generic,Maize Meal1kg,Quickmart,1kg,1.0,kg,1.0,0.0,99.0,0.0,99.0,2026-09-21,https://www.quickmart.co.ke/lea-premium-maize-meal-1kg-28
pembe maize meal 10kg,Maize Meal,Generic,Maize Meal10kg,Quickmart,10kg,10.0,kg,10.0,0.0,820.0,0.0,82.0,2026-09-21,https://www.quickmart.co.ke/pembe-maize-meal-10kg-29
ndovu maize meal 1kg,Maize Meal,Generic,Maize Meal1kg,Quickmart,1kg,1.0,kg,1.0,0.0,67.0,0.0,67.0,2026-09-21,https://www.quickmart.co.ke/ndovu-maize-meal-1kg-12
oryx premium maize meal 2kg,Maize Meal,Generic,Maize Meal2kg,Quickmart,2kg,2.0,kg,2.0,0.0,159.0,0.0,79.5,2026-09-21,https://www.quickmart.co.ke/oryx-premium-maize-meal-2kg-40
spenza premium maize meal 1kg,Maize Meal,Generic,Maize Meal1kg,Quickmart,1kg,1.0,kg,1.0,0.0,103.0,0.0,103.0,2026-09-21,https://www.quickmart.co.ke/spenza-premium-maize-meal-1kg-66
ndovu maize flour 2kg,Maize Meal,Generic,Maize Meal2kg,Quickmart,2kg,2.0,kg,2.0,0.0,130.0,0.0,65.0,2026-09-21,https://www.quickmart.co.ke/ndovu-maize-flour-2kg-23
pembe maize flour 2kg,Maize Meal,Generic,Maize Meal2kg,Quickmart,2kg,2.0,kg,2.0,0.0,155.0,0.0,77.5,2026-09-21,https://www.quickmart.co.ke/pembe-maize-flour-2kg-56
soko maize flour 2kg,Maize Meal,Generic,Maize Meal2kg,Quickmart,2kg,2.0,kg,2.0,161.0,149.0,12.0,74.5,2026-09-21,https://www.quickmart.co.ke/soko-maize-flour-2kg-45
210 sifted maize flour 2kg,Maize Meal,Generic,Maize Meal2kg,Quickmart,2kg,2.0,kg,2.0,0.0,164.0,0.0,82.0,2026-09-21,https://www.quickmart.co.ke/210-sifted-maize-flour-2kg-52
amaize flour 2kg,Maize Meal,Generic,Maize Meal2kg,Quickmart,2kg,2.0,kg,2.0,193.0,178.0,15.0,89.0,2026-09-21,https://www.quickmart.co.ke/amaize-flour-2kg-46
swan maize flour 2kg,Maize Meal,Generic,Maize Meal2kg,Quickmart,2kg,2.0,kg,2.0,0.0,142.0,0.0,71.0,2026-09-21,https://www.quickmart.co.ke/swan-maize-flour-2kg-41
dola maize flour 2kg,Maize Meal,Generic,Maize Meal2kg,Quickmart,2kg,2.0,kg,2.0,0.0,132.0,0.0,66.0,2026-09-21,https://www.quickmart.co.ke/dola-maize-flour-2kg-35
pembe maize flour 5kg,Maize Meal,Generic,Maize Meal5kg,Quickmart,5kg,5.0,kg,5.0,0.0,410.0,0.0,82.0,2026-09-21,https://www.quickmart.co.ke/pembe-maize-flour-5kg-66
soko maize flour 5kg,Maize Meal,Generic,Maize Meal5kg,Quickmart,5kg,5.0,kg,5.0,0.0,407.0,0.0,81.4,2026-09-21,https://www.quickmart.co.ke/soko-maize-flour-5kg-59
kol corn flour 400g,Wheat Flour,Generic,Wheat Flour400g,Quickmart,400g,400.0,kg,0.4,120.0,99.0,21.0,247.5,2026-09-21,https://www.quickmart.co.ke/kol-corn-flour-400g-35
grainmill oat flour 1kg,Wheat Flour,Generic,Wheat Flour1kg,Quickmart,1kg,1.0,kg,1.0,499.0,400.0,99.0,400.0,2026-09-21,https://www.quickmart.co.ke/grainmill-oat-flour-1kg-27
soko maize flour 10kg,Maize Meal,Generic,Maize Meal10kg,Quickmart,10kg,10.0,kg,10.0,0.0,809.0,0.0,80.9,2026-09-21,https://www.quickmart.co.ke/soko-maize-flour-10kg-48
hostess maize flour 2kg,Maize Meal,Generic,Maize Meal2kg,Quickmart,2kg,2.0,kg,2.0,0.0,199.0,0.0,99.5,2026-09-21,https://www.quickmart.co.ke/hostess-maize-flour-2kg-57
clovers cornflour 400g,Wheat Flour,Generic,Wheat Flour400g,Quickmart,400g,400.0,kg,0.4,0.0,97.0,0.0,242.5,2026-09-21,https://www.quickmart.co.ke/clovers-cornflour-400g-27
soko maize flour 1kg,Maize Meal,Generic,Maize Meal1kg,Quickmart,1kg,1.0,kg,1.0,0.0,82.0,0.0,82.0,2026-09-21,https://www.quickmart.co.ke/soko-maize-flour-1kg-12
nutrameal rice flour 1kg,Wheat Flour,Generic,Wheat Flour1kg,Quickmart,1kg,1.0,kg,1.0,0.0,193.0,0.0,193.0,2026-09-21,https://www.quickmart.co.ke/nutrameal-rice-flour-1kg-12
zesta corn flour 250g,Wheat Flour,Generic,Wheat Flour250g,Quickmart,250g,250.0,kg,0.25,0.0,85.0,0.0,340.0,2026-09-21,https://www.quickmart.co.ke/zesta-corn-flour-250g-39
pembe maize flour 1kg,Maize Meal,Generic,Maize Meal1kg,Quickmart,1kg,1.0,kg,1.0,0.0,85.0,0.0,85.0,2026-09-21,https://www.quickmart.co.ke/pembe-maize-flour-1kg-60
jogoo maize flour 5kg,Maize Meal,Generic,Maize Meal5kg,Quickmart,5kg,5.0,kg,5.0,0.0,436.0,0.0,87.2,2026-09-21,https://www.quickmart.co.ke/jogoo-maize-flour-5kg-26
jogoo maize flour 10kg,Maize Meal,Generic,Maize Meal10kg,Quickmart,10kg,10.0,kg,10.0,0.0,860.0,0.0,86.0,2026-09-21,https://www.quickmart.co.ke/jogoo-maize-flour-10kg-30
grainmill oat flour 500g,Wheat Flour,Generic,Wheat Flour500g,Quickmart,500g,500.0,kg,0.5,0.0,285.0,0.0,570.0,2026-09-21,https://www.quickmart.co.ke/grainmill-oat-flour-500g-27
mama maize flour 2kg,Maize Meal,Generic,Maize Meal2kg,Quickmart,2kg,2.0,kg,2.0,0.0,150.0,0.0,75.0,2026-09-21,https://www.quickmart.co.ke/mama-maize-flour-2kg-32
grainmill oat flour 250g,Wheat Flour,Generic,Wheat Flour250g,Quickmart,250g,250.0,kg,0.25,0.0,165.0,0.0,660.0,2026-09-21,https://www.quickmart.co.ke/grainmill-oat-flour-250g-22
kingsmill brown whole meal sandwich bread 600g,Bread,Generic,Bread600g,Quickmart,600g,600.0,kg,0.6,0.0,100.0,0.0,166.66666666666669,2026-09-21,https://www.quickmart.co.ke/kingsmill-brown-whole-meal-sandwich-bread-600g-63
festive whole meal brown sliced bread 1.5kg,Bread,Generic,Bread5kg,Quickmart,5kg,5.0,kg,5.0,0.0,240.0,0.0,48.0,2026-09-21,https://www.quickmart.co.ke/festive-whole-meal-brown-sliced-bread-1.5kg-63
festive supreme whole meal bread 600g,Bread,Generic,Bread600g,Quickmart,600g,600.0,kg,0.6,0.0,100.0,0.0,166.66666666666669,2026-09-21,https://www.quickmart.co.ke/festive-supreme-whole-meal-bread-600g-62
lotus home baking flour 2kg,Wheat Flour,Generic,Wheat Flour2kg,Quickmart,2kg,2.0,kg,2.0,165.0,159.0,6.0,79.5,2026-09-21,https://www.quickmart.co.ke/lotus-home-baking-flour-2kg-49
ajab home baking flour 2kg,Wheat Flour,Generic,Wheat Flour2kg,Quickmart,2kg,2.0,kg,2.0,0.0,182.0,0.0,91.0,2026-09-21,https://www.quickmart.co.ke/ajab-home-baking-flour-2kg-41
210 home baking flour 2kg,Wheat Flour,Generic,Wheat Flour2kg,Quickmart,2kg,2.0,kg,2.0,0.0,182.0,0.0,91.0,2026-09-21,https://www.quickmart.co.ke/210-home-baking-flour-2kg-58
pembe home baking flour 2kg,Wheat Flour,Generic,Wheat Flour2kg,Quickmart,2kg,2.0,kg,2.0,0.0,189.0,0.0,94.5,2026-09-21,https://www.quickmart.co.ke/pembe-home-baking-flour-2kg-40
raha home baking flour 2kg,Wheat Flour,Generic,Wheat Flour2kg,Quickmart,2kg,2.0,kg,2.0,0.0,185.0,0.0,92.5,2026-09-21,https://www.quickmart.co.ke/raha-home-baking-flour-2kg-21
ajab home baking flour 1kg,Wheat Flour,Generic,Wheat Flour1kg,Quickmart,1kg,1.0,kg,1.0,0.0,96.0,0.0,96.0,2026-09-21,https://www.quickmart.co.ke/ajab-home-baking-flour-1kg-50
ndovu home baking flour 1kg,Wheat Flour,Generic,Wheat Flour1kg,Quickmart,1kg,1.0,kg,1.0,0.0,96.0,0.0,96.0,2026-09-21,https://www.quickmart.co.ke/ndovu-home-baking-flour-1kg-31
elliots home baking flour 2kg,Wheat Flour,Generic,Wheat Flour2kg,Quickmart,2kg,2.0,kg,2.0,0.0,185.0,0.0,92.5,2026-09-21,https://www.quickmart.co.ke/elliots-home-baking-flour-2kg-67
pembe home baking flour 1kg,Wheat Flour,Generic,Wheat Flour1kg,Quickmart,1kg,1.0,kg,1.0,0.0,100.0,0.0,100.0,2026-09-21,https://www.quickmart.co.ke/pembe-home-baking-flour-1kg-39
ndovu home baking flour 2kg,Wheat Flour,Generic,Wheat Flour2kg,Quickmart,2kg,2.0,kg,2.0,0.0,185.0,0.0,92.5,2026-09-21,https://www.quickmart.co.ke/ndovu-home-baking-flour-2kg-53
pembe maize flour 2kg,Maize Meal,Generic,Maize Meal2kg,Quickmart,2kg,2.0,kg,2.0,0.0,155.0,0.0,77.5,2026-09-21,https://www.quickmart.co.ke/pembe-maize-flour-2kg-56
exe all purpose flour 2kg,Wheat Flour,Generic,Wheat Flour2kg,Quickmart,2kg,2.0,kg,2.0,0.0,170.0,0.0,85.0,2026-09-21,https://www.quickmart.co.ke/exe-all-purpose-flour-2kg-22
soko homebaking flour 2kg,Wheat Flour,Generic,Wheat Flour2kg,Quickmart,2kg,2.0,kg,2.0,184.0,169.0,15.0,84.5,2026-09-21,https://www.quickmart.co.ke/soko-homebaking-flour-2kg-60
pendo 2kg wheat flour,Wheat Flour,Generic,Wheat Flour2kg,Quickmart,2kg,2.0,kg,2.0,0.0,185.0,0.0,92.5,2026-09-21,https://www.quickmart.co.ke/pendo-2kg-wheat-flour-40
exe self raising flour 2kg,Wheat Flour,Generic,Wheat Flour2kg,Quickmart,2kg,2.0,kg,2.0,0.0,209.0,0.0,104.5,2026-09-21,https://www.quickmart.co.ke/exe-self-raising-flour-2kg-54
dola all purpose flour 2kg,Wheat Flour,Generic,Wheat Flour2kg,Quickmart,2kg,2.0,kg,2.0,0.0,185.0,0.0,92.5,2026-09-21,https://www.quickmart.co.ke/dola-all-purpose-flour-2kg-58
exe all purpose flour 1kg,Wheat Flour,Generic,Wheat Flour1kg,Quickmart,1kg,1.0,kg,1.0,0.0,97.0,0.0,97.0,2026-09-21,https://www.quickmart.co.ke/exe-all-purpose-flour-1kg-41
soko homebaking flour 1kg,Wheat Flour,Generic,Wheat Flour1kg,Quickmart,1kg,1.0,kg,1.0,0.0,94.0,0.0,94.0,2026-09-21,https://www.quickmart.co.ke/soko-homebaking-flour-1kg-53
ajab fortified self raising flour 2kg,Wheat Flour,Generic,Wheat Flour2kg,Quickmart,2kg,2.0,kg,2.0,0.0,174.0,0.0,87.0,2026-09-21,https://www.quickmart.co.ke/ajab-fortified-self-raising-flour-2kg-50
raha premium maize meal 2 kg,Maize Meal,Generic,Maize Meal2kg,Quickmart,2kg,2.0,kg,2.0,0.0,197.0,0.0,98.5,2026-09-21,https://www.quickmart.co.ke/raha-premium-maize-meal-2-kg-11
exe self raising flour 1kg,Wheat Flour,Generic,Wheat Flour1kg,Quickmart,1kg,1.0,kg,1.0,0.0,103.0,0.0,103.0,2026-09-21,https://www.quickmart.co.ke/exe-self-raising-flour-1kg-58
bfm elliots homebaking flour 1kg,Wheat Flour,Generic,Wheat Flour1kg,Quickmart,1kg,1.0,kg,1.0,0.0,95.0,0.0,95.0,2026-09-21,https://www.quickmart.co.ke/bfm-elliots-homebaking-flour-1kg-43
pembe mandazi flour 2kg,Wheat Flour,Generic,Wheat Flour2kg,Quickmart,2kg,2.0,kg,2.0,0.0,189.0,0.0,94.5,2026-09-21,https://www.quickmart.co.ke/pembe-mandazi-flour-2kg-66
pembe maize flour 5kg,Maize Meal,Generic,Maize Meal5kg,Quickmart,5kg,5.0,kg,5.0,0.0,410.0,0.0,82.0,2026-09-21,https://www.quickmart.co.ke/pembe-maize-flour-5kg-66
grainmill oat flour 1kg,Wheat Flour,Generic,Wheat Flour1kg,Quickmart,1kg,1.0,kg,1.0,499.0,400.0,99.0,400.0,2026-09-21,https://www.quickmart.co.ke/grainmill-oat-flour-1kg-27
taifa homebaking 2kg,Wheat Flour,Generic,Wheat Flour2kg,Quickmart,2kg,2.0,kg,2.0,0.0,175.0,0.0,87.5,2026-09-21,https://www.quickmart.co.ke/taifa-homebaking-2kg-66
clovers baking powder 90gms,Wheat Flour,Generic,Wheat Flour90g,Quickmart,90g,90.0,kg,0.09,0.0,27.0,0.0,300.0,2026-09-21,https://www.quickmart.co.ke/clovers-baking-powder-90gms-16
soko maize flour 10kg,Maize Meal,Generic,Maize Meal10kg,Quickmart,10kg,10.0,kg,10.0,0.0,809.0,0.0,80.9,2026-09-21,https://www.quickmart.co.ke/soko-maize-flour-10kg-48
hostess maize flour 2kg,Maize Meal,Generic,Maize Meal2kg,Quickmart,2kg,2.0,kg,2.0,0.0,199.0,0.0,99.5,2026-09-21,https://www.quickmart.co.ke/hostess-maize-flour-2kg-57
clovers cornflour 400g,Wheat Flour,Generic,Wheat Flour400g,Quickmart,400g,400.0,kg,0.4,0.0,97.0,0.0,242.5,2026-09-21,https://www.quickmart.co.ke/clovers-cornflour-400g-27
ajab fortified mandazi flour 2kg,Wheat Flour,Generic,Wheat Flour2kg,Quickmart,2kg,2.0,kg,2.0,0.0,174.0,0.0,87.0,2026-09-21,https://www.quickmart.co.ke/ajab-fortified-mandazi-flour-2kg-8
exe mandazi flour 2kg,Wheat Flour,Generic,Wheat Flour2kg,Quickmart,2kg,2.0,kg,2.0,0.0,209.0,0.0,104.5,2026-09-21,https://www.quickmart.co.ke/exe-mandazi-flour-2kg-54
kabras sugar white 1kg,Sugar,Generic,Sugar1kg,Quickmart,1kg,1.0,kg,1.0,0.0,155.0,0.0,155.0,2026-09-21,https://www.quickmart.co.ke/kabras-sugar-white-1kg-52
pendo 2kg wheat flour-bale,Wheat Flour,Generic,Wheat Flour2kg,Quickmart,2kg,2.0,kg,2.0,0.0,1932.0,0.0,966.0,2026-09-21,https://www.quickmart.co.ke/pendo-2kg-wheat-flour-bale-26
lea premium all purpose wheat flour 1kg,Wheat Flour,Generic,Wheat Flour1kg,Quickmart,1kg,1.0,kg,1.0,0.0,91.0,0.0,91.0,2026-09-21,https://www.quickmart.co.ke/lea-premium-all-purpose-wheat-flour-1kg-28
nutrameal rice flour 1kg,Wheat Flour,Generic,Wheat Flour1kg,Quickmart,1kg,1.0,kg,1.0,0.0,193.0,0.0,193.0,2026-09-21,https://www.quickmart.co.ke/nutrameal-rice-flour-1kg-12
pembe maize flour 1kg,Maize Meal,Generic,Maize Meal1kg,Quickmart,1kg,1.0,kg,1.0,0.0,85.0,0.0,85.0,2026-09-21,https://www.quickmart.co.ke/pembe-maize-flour-1kg-60
pembe maize meal 10kg,Maize Meal,Generic,Maize Meal10kg,Quickmart,10kg,10.0,kg,10.0,0.0,820.0,0.0,82.0,2026-09-21,https://www.quickmart.co.ke/pembe-maize-meal-10kg-29
grainmill oat flour 500g,Wheat Flour,Generic,Wheat Flour500g,Quickmart,500g,500.0,kg,0.5,0.0,285.0,0.0,570.0,2026-09-21,https://www.quickmart.co.ke/grainmill-oat-flour-500g-27
dola maize flour 2kg,Maize Meal,Generic,Maize Meal2kg,Quickmart,2kg,2.0,kg,2.0,0.0,132.0,0.0,66.0,2026-09-21,https://www.quickmart.co.ke/dola-maize-flour-2kg-35
mama maize flour 2kg,Maize Meal,Generic,Maize Meal2kg,Quickmart,2kg,2.0,kg,2.0,0.0,150.0,0.0,75.0,2026-09-21,https://www.quickmart.co.ke/mama-maize-flour-2kg-32
grainmill oat flour 250g,Wheat Flour,Generic,Wheat Flour250g,Quickmart,250g,250.0,kg,0.25,0.0,165.0,0.0,660.0,2026-09-21,https://www.quickmart.co.ke/grainmill-oat-flour-250g-22
kol corn flour 400g,Wheat Flour,Generic,Wheat Flour400g,Quickmart,400g,400.0,kg,0.4,120.0,99.0,21.0,247.5,2026-09-21,https://www.quickmart.co.ke/kol-corn-flour-400g-35
raha premium maize meal 5 kg,Maize Meal,Generic,Maize Meal5kg,Quickmart,5kg,5.0,kg,5.0,0.0,495.0,0.0,99.0,2026-09-21,https://www.quickmart.co.ke/raha-premium-maize-meal-5-kg-24
joymax maize meal 2kg,Maize Meal,Generic,Maize Meal2kg,Quickmart,2kg,2.0,kg,2.0,0.0,140.0,0.0,70.0,2026-09-21,https://www.quickmart.co.ke/joymax-maize-meal-2kg-35
live life well cassava flour 750g,Wheat Flour,Generic,Wheat Flour750g,Quickmart,750g,750.0,kg,0.75,0.0,349.0,0.0,465.3333333333333,2026-09-21,https://www.quickmart.co.ke/live-life-well-cassava-flour-750g-63
high quality cassava flour 1kg,Wheat Flour,Generic,Wheat Flour1kg,Quickmart,1kg,1.0,kg,1.0,0.0,355.0,0.0,355.0,2026-09-21,https://www.quickmart.co.ke/high-quality-cassava-flour-1kg-60
zesta corn flour 250g,Wheat Flour,Generic,Wheat Flour250g,Quickmart,250g,250.0,kg,0.25,0.0,85.0,0.0,340.0,2026-09-21,https://www.quickmart.co.ke/zesta-corn-flour-250g-39
clovers extra fine icing sugar 500g,Sugar,Generic,Sugar500g,Quickmart,500g,500.0,kg,0.5,0.0,154.0,0.0,308.0,2026-09-21,https://www.quickmart.co.ke/clovers-extra-fine-icing-sugar-500g-63
bread crumbs 500g,Bread,Generic,Bread500g,Quickmart,500g,500.0,kg,0.5,0.0,240.0,0.0,480.0,2026-09-21,https://www.quickmart.co.ke/bread-crumbs-500g-53
bread crumbs 250g,Bread,Generic,Bread250g,Quickmart,250g,250.0,kg,0.25,0.0,126.0,0.0,504.0,2026-09-21,https://www.quickmart.co.ke/bread-crumbs-250g-66
4us tetra fino asceptic uht milk 500ml,Milk,4US,Milk4US500ml,E-Mart,500ml,500.0,litres,0.5,0.0,60.0,0.0,120.0,2026-09-21,http://e-mart.co.ke/4-us-uht-milk-500ml?search=milk&category_id=0
amara milk hand and body lotion 400ml,Milk,Amara,MilkAmara400ml,E-Mart,400ml,400.0,litres,0.4,0.0,270.0,0.0,675.0,2026-09-21,http://e-mart.co.ke/amara-milk-hand-and-body-lotion-400ml?search=milk&category_id=0
aptamil lactose free milk powder 400 grams from birth onwards,Milk,Aptamil,MilkAptamil400g,E-Mart,400g,400.0,kg,0.4,0.0,4000.0,0.0,10000.0,2026-09-21,http://e-mart.co.ke/APTAMIL-LACTOSE-FREE-INFANT-MILK-FORMULA-400G?search=milk&category_id=0
aptamil pepti 1 formula milk 400g from birth,Milk,Aptamil,MilkAptamil400g,E-Mart,400g,400.0,kg,0.4,0.0,5500.0,0.0,13750.0,2026-09-21,http://e-mart.co.ke/aptamil-pepti-1-kenya?search=milk&category_id=0
arimis milking jelly 200ml,Milk,Arimis,MilkArimis200ml,E-Mart,200ml,200.0,litres,0.2,0.0,157.0,0.0,785.0,2026-09-21,http://e-mart.co.ke/arimis-milking-jelly-200ml?search=milk&category_id=0
avene children spf 50+ sun milk 100ml,Milk,Avene,MilkAvene100ml,E-Mart,100ml,100.0,litres,0.1,0.0,4050.0,0.0,40500.0,2026-09-21,http://e-mart.co.ke/AVENE-CHILDREN-SPF-50-SUN-MILK-100ML-NOW-AVAILABLE-ON-E-MART?search=milk&category_id=0
bio fresh barista milk 1litre,Milk,BioFood,MilkBioFood1l,E-Mart,1l,1.0,litres,1.0,0.0,182.0,0.0,182.0,2026-09-21,http://e-mart.co.ke/bio-fresh-barista-milk-1litre?search=milk&category_id=0
bio fresh whole milk 2litres,Milk,BioFood,MilkBioFood2l,E-Mart,2l,2.0,litres,2.0,0.0,328.0,0.0,164.0,2026-09-21,http://e-mart.co.ke/bio-fresh-whole-milk-2litres?search=milk&category_id=0
bio semi-skimmed milk 1litre,Milk,BioFood,MilkBioFood1l,E-Mart,1l,1.0,litres,1.0,0.0,180.0,0.0,180.0,2026-09-21,http://e-mart.co.ke/bio-semi-skimmed-milk-1litre?search=milk&category_id=0&page=2
bio semi-skimmed milk 2litre,Milk,BioFood,MilkBioFood2l,E-Mart,2l,2.0,litres,2.0,0.0,305.0,0.0,152.5,2026-09-21,http://e-mart.co.ke/bio-semi-skimmed-milk-2litre?search=milk&category_id=0&page=2
brookside dairy best fino long life milk 500ml,Milk,Brookside,MilkBrookside500ml,E-Mart,500ml,500.0,litres,0.5,0.0,60.0,0.0,120.0,2026-09-21,http://e-mart.co.ke/brookside-dairy-best-fino-long-life-500ml?search=milk&category_id=0&page=2
brookside dairy fresh 6 pack banana flavoured milk 250ml,Milk,Brookside,MilkBrookside250ml,E-Mart,250ml,250.0,litres,0.25,0.0,420.0,0.0,1680.0,2026-09-21,http://e-mart.co.ke/brookside-dairy-fresh-6-pack-banana-flavoured-milk-250ml?search=milk&category_id=0&page=2
brookside dairy fresh bubble gum flavored milk 250ml,Milk,Brookside,MilkBrookside250ml,E-Mart,250ml,250.0,litres,0.25,0.0,70.0,0.0,280.0,2026-09-21,http://e-mart.co.ke/brookside-dairy-fresh-bubble-gum-flavored-milk-250ml?search=milk&category_id=0&page=2
brookside dairy fresh bubblegum flavour milk 250ml 6 pack,Milk,Brookside,MilkBrookside250ml,E-Mart,250ml,250.0,litres,0.25,0.0,430.0,0.0,1720.0,2026-09-21,http://e-mart.co.ke/brookside-dairy-fresh-bubblegum-flavour-milk-250ml-6-pack?search=milk&category_id=0&page=3
brookside dairy fresh chocolate flavoured milk 250ml,Milk,Brookside,MilkBrookside250ml,E-Mart,250ml,250.0,litres,0.25,0.0,70.0,0.0,280.0,2026-09-21,http://e-mart.co.ke/brookside-dairy-fresh-chocolate-flavoured-milk-250ml?search=milk&category_id=0&page=3
brookside dairy fresh strawberry flavored milk 250ml,Milk,Brookside,MilkBrookside250ml,E-Mart,250ml,250.0,litres,0.25,0.0,70.0,0.0,280.0,2026-09-21,http://e-mart.co.ke/brookside-dairy-fresh-strawberry-flavored-milk-250ml?search=milk&category_id=0&page=3
brookside dairy fresh strawberry flavoured milk 250ml 6pack,Milk,Brookside,MilkBrookside250ml,E-Mart,250ml,250.0,litres,0.25,0.0,440.0,0.0,1760.0,2026-09-21,http://e-mart.co.ke/brookside-dairy-fresh-strawberry-flavoured-milk-250ml-6pack?search=milk&category_id=0&page=3
brookside dairy fresh vanilla flavored milk 250ml,Milk,Brookside,MilkBrookside250ml,E-Mart,250ml,250.0,litres,0.25,0.0,70.0,0.0,280.0,2026-09-21,http://e-mart.co.ke/brookside-dairy-fresh-vanilla-flavored-milk-250ml	?search=milk&category_id=0&page=3
brookside farm fresh full cream milk bottle 2litres,Milk,Brookside,MilkBrookside2l,E-Mart,2l,2.0,litres,2.0,0.0,260.0,0.0,130.0,2026-09-21,http://e-mart.co.ke/brookside-farm-fresh-full-cream-milk-bottle-2litres?search=milk&category_id=0&page=3
brookside farm fresh whole milk 2l,Milk,Brookside,MilkBrookside2l,E-Mart,2l,2.0,litres,2.0,0.0,270.0,0.0,135.0,2026-09-21,http://e-mart.co.ke/Brookside-Farm-Fresh-Whole-Milk-2L?search=milk&category_id=0&page=3
brookside farm fresh whole(standard) milk bottle 3 litres,Milk,Brookside,MilkBrookside3l,E-Mart,3l,3.0,litres,3.0,0.0,399.0,0.0,133.0,2026-09-21,http://e-mart.co.ke/Brookside-farm-fresh-whole-standard-milk-bottle-3-litres ?search=milk&category_id=0&page=3
brookside plus fat free milk 1l,Milk,Brookside,MilkBrookside1l,E-Mart,1l,1.0,litres,1.0,0.0,170.0,0.0,170.0,2026-09-21,http://e-mart.co.ke/brookside-plus-fat-free-milk-1l-available-on-e-mart?search=milk&category_id=0&page=4
brookside plus fat free milk 500ml,Milk,Brookside,MilkBrookside500ml,E-Mart,500ml,500.0,litres,0.5,0.0,72.0,0.0,144.0,2026-09-21,http://e-mart.co.ke/brookside-plus-fat-free-milk-500ml?search=milk&category_id=0&page=4
brookside plus low fat milk 1l,Milk,Brookside,MilkBrookside1l,E-Mart,1l,1.0,litres,1.0,0.0,170.0,0.0,170.0,2026-09-21,http://e-mart.co.ke/brookside-plus-milk-1l-available-on-e-mart?search=milk&category_id=0&page=4
brookside uht long life whole milk 1l,Milk,Brookside,MilkBrookside1l,E-Mart,1l,1.0,litres,1.0,0.0,160.0,0.0,160.0,2026-09-21,http://e-mart.co.ke/Brookside-Uht-Long-Life-Whole-Milk-1l?search=milk&category_id=0&page=4
brookside whole milk 1litre,Milk,Brookside,MilkBrookside1l,E-Mart,1l,1.0,litres,1.0,0.0,165.0,0.0,165.0,2026-09-21,http://e-mart.co.ke/Brookside-Whole-Milk-1litre?search=milk&category_id=0&page=4
brookside whole milk tca long life 200ml,Milk,Brookside,MilkBrookside200ml,E-Mart,200ml,200.0,litres,0.2,0.0,35.0,0.0,175.0,2026-09-21,http://e-mart.co.ke/Brookside-Whole-Milk-TCA-Long-Life-200ml?search=milk&category_id=0&page=4
cadbury dairy milk bubbly chocolate bar 550g,Milk,Cadbury,MilkCadbury550g,E-Mart,550g,550.0,kg,0.55,0.0,550.0,0.0,999.9999999999999,2026-09-21,http://e-mart.co.ke/cadbury-dairy-milk-bubbly-chocolate-bar-150g?search=milk&category_id=0&page=4
cadbury dairy milk bubbly chocolate bar 87g,Milk,Cadbury,MilkCadbury87g,E-Mart,87g,87.0,kg,0.087,0.0,320.0,0.0,3678.16091954023,2026-09-21,http://e-mart.co.ke/cadbury-dairy-milk-bubbly-chocolate-bar-87g-available-on-e-mart?search=milk&category_id=0&page=5
cadbury dairy milk cashew and coconut chocolate bar 80g,Milk,Cadbury,MilkCadbury80g,E-Mart,80g,80.0,kg,0.08,0.0,290.0,0.0,3625.0,2026-09-21,http://e-mart.co.ke/Cadbury-Dairy-Milk-Cashew-and-Coconut-Chocolate-bar-80g?search=milk&category_id=0&page=5
cadbury dairy milk chocolate bar 150g,Milk,Cadbury,MilkCadbury150g,E-Mart,150g,150.0,kg,0.15,0.0,540.0,0.0,3600.0,2026-09-21,http://e-mart.co.ke/Cardbury-Dairy-Milk-Chocolate-Bar-150g ?search=milk&category_id=0&page=5
cadbury dairy milk fruit and nut chocolate bar 150g,Milk,Cadbury,MilkCadbury150g,E-Mart,150g,150.0,kg,0.15,0.0,550.0,0.0,3666.666666666667,2026-09-21,http://e-mart.co.ke/cadbury-dairy-milk-fruit-and-nut-chocolate-150g?search=milk&category_id=0&page=5
cadbury dairy milk fruit and nut chocolate bar 80g,Milk,Cadbury,MilkCadbury80g,E-Mart,80g,80.0,kg,0.08,0.0,290.0,0.0,3625.0,2026-09-21,http://e-mart.co.ke/cadbury-dairy-milk-fruit-and-nut-chocolate-80g?search=milk&category_id=0&page=5
cadbury dairy milk rum and raisin chocolate bar 80g,Milk,Cadbury,MilkCadbury80g,E-Mart,80g,80.0,kg,0.08,0.0,290.0,0.0,3625.0,2026-09-21,http://e-mart.co.ke/cadbury-dairy-milk-rum-and-raisin-chocolate-bar-80g?search=milk&category_id=0&page=5
cadbury dairy milk top deck chocolate bar 80g,Milk,Cadbury,MilkCadbury80g,E-Mart,80g,80.0,kg,0.08,0.0,290.0,0.0,3625.0,2026-09-21,http://e-mart.co.ke/cadbury-dairy-milk-top-deck-chocolate-bar-80g?search=milk&category_id=0&page=5
cadbury dairy milk top deck with mint chocolate bar 80g,Milk,Cadbury,MilkCadbury80g,E-Mart,80g,80.0,kg,0.08,0.0,290.0,0.0,3625.0,2026-09-21,http://e-mart.co.ke/cadbury-dairy-milk-top-deck-with-mint-chocolate-bar-80g?search=milk&category_id=0&page=5
cadbury p.s caramilk chocolate bar 48g,Milk,Cadbury,MilkCadbury48g,E-Mart,48g,48.0,kg,0.048,0.0,190.0,0.0,3958.333333333333,2026-09-21,http://e-mart.co.ke/cadbury-p.s-caramilk-chocolate-bar-48g?search=milk&category_id=0&page=5
cadbury p.s milk chocolate bar 48g,Milk,Cadbury,MilkCadbury48g,E-Mart,48g,48.0,kg,0.048,0.0,190.0,0.0,3958.333333333333,2026-09-21,http://e-mart.co.ke/cadbury-p.s-milk-chocolate-bar-48g?search=milk&category_id=0&page=5
cleo nature goat milk/neem soap 150g,Milk,Cleo,MilkCleo150g,E-Mart,150g,150.0,kg,0.15,0.0,1100.0,0.0,7333.333333333334,2026-09-21,http://e-mart.co.ke/CLEO-NATURE-GOAT-MILK/NEEM-SOAP-150g?search=milk&category_id=0&page=6
clere avocado milk hand and body lotion 200ml,Milk,Clere,MilkClere200ml,E-Mart,200ml,200.0,litres,0.2,0.0,220.0,0.0,1100.0,2026-09-21,http://e-mart.co.ke/CLERE-AVOCADO-MILK-HAND-AND-BODY-LOTION-200ML?search=milk&category_id=0&page=6
clere avocado milk hand and body lotion 400ml,Milk,Clere,MilkClere400ml,E-Mart,400ml,400.0,litres,0.4,0.0,340.0,0.0,850.0,2026-09-21,http://e-mart.co.ke/CLERE-AVOCADO-MILK-HAND-AND-BODY-LOTION-400ML-NOW-ON-E-MART-KENYA?search=milk&category_id=0&page=6
clere hand and body lotion milk and honey 200ml,Milk,Clere,MilkClere200ml,E-Mart,200ml,200.0,litres,0.2,0.0,220.0,0.0,1100.0,2026-09-21,http://e-mart.co.ke/CLERE-HAND-AND-BODY-LOTION-MILK-AND-HONEY-200ML?search=milk&category_id=0&page=6
cool & cool baby milk lotion 250ml,Milk,Cool,MilkCool250ml,E-Mart,250ml,250.0,litres,0.25,0.0,459.0,0.0,1836.0,2026-09-21,http://e-mart.co.ke/COOL-AND-COOL-BABY-MILK-LOTION-250ML?search=milk&category_id=0&page=6
cool & cool baby milk lotion 500ml,Milk,Cool,MilkCool500ml,E-Mart,500ml,500.0,litres,0.5,0.0,1150.0,0.0,2300.0,2026-09-21,http://e-mart.co.ke/COOL-AND-COOL-BABY-MILK-LOTION-500ML?search=milk&category_id=0&page=6
cosmo moisturizing coconut milk shampoo 480ml,Milk,Cosmo,MilkCosmo480ml,E-Mart,480ml,480.0,litres,0.48,0.0,1150.0,0.0,2395.8333333333335,2026-09-21,http://e-mart.co.ke/COSMO-SHAMPOO?search=milk&category_id=0&page=6
cow and gate 2 follow-on infant milk formula 6-12 months 800g,Milk,Cow,MilkCow800g,E-Mart,800g,800.0,kg,0.8,0.0,4500.0,0.0,5625.0,2026-09-21,http://e-mart.co.ke/COW-AND-GATE-2-MILK-FORMULA?search=milk&category_id=0&page=6
benylin chesty cough herbal sugar free syrup 100ml,Sugar,Generic,Sugar100ml,E-Mart,100ml,100.0,litres,0.1,0.0,1800.0,0.0,18000.0,2026-09-21,http://e-mart.co.ke/benylin-herbal-chesty-cough?search=sugar&category_id=0
clovers icing sugar 500g,Sugar,Generic,Sugar500g,E-Mart,500g,500.0,kg,0.5,0.0,150.0,0.0,300.0,2026-09-21,http://e-mart.co.ke/clovers-icing-sugar-500g?search=sugar&category_id=0
coca cola zero sugar drink pet bottle 2l,Sugar,Generic,Sugar2l,E-Mart,2l,2.0,litres,2.0,0.0,218.0,0.0,109.0,2026-09-21,http://e-mart.co.ke/COCA-COLA-ZERO-SUGAR-2L?search=sugar&category_id=0&page=2
dr teal's shea sugar cannabis sativa hemp seed oil body scrub 538g,Cooking Oil,Generic,Cooking Oil538g,E-Mart,538g,538.0,kg,0.538,0.0,2560.0,0.0,4758.364312267658,2026-09-21,http://e-mart.co.ke/dr-teals-shea-sugar-cannabis-sativa-hemp-seed-oil-body-scrub-538g?search=sugar&category_id=0&page=2
dr teal's shea sugar coconut oil body scrub 538g,Cooking Oil,Generic,Cooking Oil538g,E-Mart,538g,538.0,kg,0.538,0.0,2560.0,0.0,4758.364312267658,2026-09-21,http://e-mart.co.ke/dr-teals-shea-sugar-coconut-oil-body-scrub-538g-online?search=sugar&category_id=0&page=2
dr teal's shea sugar melatonin sleep body scrub 538g,Sugar,Generic,Sugar538g,E-Mart,538g,538.0,kg,0.538,0.0,2560.0,0.0,4758.364312267658,2026-09-21,http://e-mart.co.ke/dr-teals-shea-sugar-melatonin-sleep-body-scrub-538g-online?search=sugar&category_id=0&page=2
dr teal's shea sugar prebiotic lemon balm body scrub 538g,Sugar,Generic,Sugar538g,E-Mart,538g,538.0,kg,0.538,0.0,2560.0,0.0,4758.364312267658,2026-09-21,http://e-mart.co.ke/dr-teals-shea-sugar-prebiotic-lemon-balm-body-scrub-538g?search=sugar&category_id=0&page=2
dr teal's shea sugar rose body scrub 538g,Sugar,Generic,Sugar538g,E-Mart,538g,538.0,kg,0.538,0.0,2560.0,0.0,4758.364312267658,2026-09-21,http://e-mart.co.ke/dr-teals-shea-sugar-rose-body-scrub-538g?search=sugar&category_id=0&page=3
dr teal's shea sugar vitamin c body scrub 538g,Sugar,Generic,Sugar538g,E-Mart,538g,538.0,kg,0.538,0.0,2560.0,0.0,4758.364312267658,2026-09-21,http://e-mart.co.ke/dr-teals-shea-sugar-vitamin-c-body-scrub-538g-online?search=sugar&category_id=0&page=3
economy white sugar 2kg,Sugar,Generic,Sugar2kg,E-Mart,2kg,2.0,kg,2.0,0.0,340.0,0.0,170.0,2026-09-21,http://e-mart.co.ke/Economy-brown-sugar-2kg-emart-kenya?search=sugar&category_id=0&page=3
economy white sugar 5kg,Sugar,Generic,Sugar5kg,E-Mart,5kg,5.0,kg,5.0,0.0,850.0,0.0,170.0,2026-09-21,http://e-mart.co.ke/buy-economy-white-sugar-5kg-online?search=sugar&category_id=0&page=3
festive zero added sugar bread 400g,Bread,Generic,Bread400g,E-Mart,400g,400.0,kg,0.4,0.0,64.0,0.0,160.0,2026-09-21,http://e-mart.co.ke/Festive-Zero-Added-Sugar-Bread-400g?search=sugar&category_id=0&page=3
fresh sugar snaps 250g,Sugar,Generic,Sugar250g,E-Mart,250g,250.0,kg,0.25,0.0,170.0,0.0,680.0,2026-09-21,http://e-mart.co.ke/fresh-sugar-snaps-250g?search=sugar&category_id=0&page=3
kabras white sugar 2kg,Sugar,Generic,Sugar2kg,E-Mart,2kg,2.0,kg,2.0,0.0,365.0,0.0,182.5,2026-09-21,http://e-mart.co.ke/Kabras-White-Sugar-2kg?search=sugar&category_id=0&page=4
lakanto monkfruit classic sweetener white sugar replacemenet 800g,Sugar,Generic,Sugar800g,E-Mart,800g,800.0,kg,0.8,0.0,2150.0,0.0,2687.5,2026-09-21,http://e-mart.co.ke/Lakanto-monkfruit-sweetener-classic-white-sugar-replacement-800g-now-available-on-e-mart-kenya?search=sugar&category_id=0&page=4
lakanto monkfruit golden sweetener brown sugar replacemenet 800g,Sugar,Generic,Sugar800g,E-Mart,800g,800.0,kg,0.8,0.0,2130.0,0.0,2662.5,2026-09-21,http://e-mart.co.ke/Lakanto-golden-monkfruit-sweetener-classic-brown-sugar-replacement-800g-now-available-on-e-mart-kenya?search=sugar&category_id=0&page=4
nutrameal semolina flour 1kg,Wheat Flour,Generic,Wheat Flour1kg,E-Mart,1kg,1.0,kg,1.0,0.0,210.0,0.0,210.0,2026-09-21,http://e-mart.co.ke/Nutrameal-Semolina-Flour-1kg?search=sugar&category_id=0&page=7
nutrameal toor dal oily 1kg,Cooking Oil,Generic,Cooking Oil1kg,E-Mart,1kg,1.0,kg,1.0,0.0,399.0,0.0,399.0,2026-09-21,http://e-mart.co.ke/Nutrameal-Toor-Dal-Oily-1kg?search=sugar&category_id=0&page=7
nutrameal white sugar 2kg,Sugar,Generic,Sugar2kg,E-Mart,2kg,2.0,kg,2.0,0.0,380.0,0.0,190.0,2026-09-21,http://e-mart.co.ke/Nutrameal-White-Sugar-2kg?search=sugar&category_id=0&page=7
nutrameal white sugar 5kg,Sugar,Generic,Sugar5kg,E-Mart,5kg,5.0,kg,5.0,0.0,890.0,0.0,178.0,2026-09-21,http://e-mart.co.ke/Nutrameal-White-Sugar-5kg?search=sugar&category_id=0&page=7
nuvita sugar free digestive biscuits 200g,Sugar,Generic,Sugar200g,E-Mart,200g,200.0,kg,0.2,0.0,260.0,0.0,1300.0,2026-09-21,http://e-mart.co.ke/Nuvita-Sugar-Free-Digestive-Biscuits-200g?search=sugar&category_id=0&page=7
peptang no added sugar peanut butter 250g,Sugar,Generic,Sugar250g,E-Mart,250g,250.0,kg,0.25,0.0,245.0,0.0,980.0,2026-09-21,http://e-mart.co.ke/peptang-no-added-sugar-peanut-butter-250g?search=sugar&category_id=0&page=8
"red bull sugar free energy drink 250ml, 4 pack",Sugar,Generic,Sugar250ml,E-Mart,250ml,250.0,litres,0.25,0.0,940.0,0.0,3760.0,2026-09-21,http://e-mart.co.ke/red-bull-sugar-free-energy-drink-250ml-4pack?search=sugar&category_id=0&page=8
american garden bread crumbs 285g,Bread,Generic,Bread285g,E-Mart,285g,285.0,kg,0.285,0.0,490.0,0.0,1719.2982456140353,2026-09-21,http://e-mart.co.ke/american-garden-bread-crumbs-285g?search=bread&category_id=0
blueband low fat spread for bread 500g,Bread,Generic,Bread500g,E-Mart,500g,500.0,kg,0.5,0.0,215.0,0.0,430.0,2026-09-21,http://e-mart.co.ke/Blueband-Low-Fat-Spread-For-Bread-500g?search=bread&category_id=0
broadways sliced brown bread 600g,Bread,Generic,Bread600g,E-Mart,600g,600.0,kg,0.6,0.0,100.0,0.0,166.66666666666669,2026-09-21,http://e-mart.co.ke/Broadways-Sliced-Brown-Bread-600g?search=bread&category_id=0
broadways white bread 600g,Bread,Generic,Bread600g,E-Mart,600g,600.0,kg,0.6,0.0,100.0,0.0,166.66666666666669,2026-09-21,http://e-mart.co.ke/Broadways-White-Bread-600g?search=bread&category_id=0
festive brown bread 1.5 kg,Bread,Generic,Bread5kg,E-Mart,5kg,5.0,kg,5.0,0.0,253.0,0.0,50.6,2026-09-21,http://e-mart.co.ke/festive-brown-bread-1.5kg?search=bread&category_id=0&page=2
festive brown bread 400g,Bread,Generic,Bread400g,E-Mart,400g,400.0,kg,0.4,0.0,65.0,0.0,162.5,2026-09-21,http://e-mart.co.ke/festive-brown-bread-400g?search=bread&category_id=0&page=2
festive brown bread 600g,Bread,Generic,Bread600g,E-Mart,600g,600.0,kg,0.6,0.0,105.0,0.0,175.0,2026-09-21,http://e-mart.co.ke/festive-brown-bread-600g?search=bread&category_id=0&page=2
festive natures gold brown bread 400g,Bread,Generic,Bread400g,E-Mart,400g,400.0,kg,0.4,0.0,65.0,0.0,162.5,2026-09-21,http://e-mart.co.ke/Festive-Natures-Gold-Brown-Bread-400g?search=bread&category_id=0&page=2
festive white bread 1.5kg,Bread,Generic,Bread5kg,E-Mart,5kg,5.0,kg,5.0,0.0,240.0,0.0,48.0,2026-09-21,http://e-mart.co.ke/festive-white-bread-1.5kg?search=bread&category_id=0&page=3
festive white bread 400g,Bread,Generic,Bread400g,E-Mart,400g,400.0,kg,0.4,0.0,65.0,0.0,162.5,2026-09-21,http://e-mart.co.ke/festive-white-bread-400g?search=bread&category_id=0&page=4
festive white bread 600g,Bread,Generic,Bread600g,E-Mart,600g,600.0,kg,0.6,0.0,100.0,0.0,166.66666666666669,2026-09-21,http://e-mart.co.ke/festive-white-bread-600g?search=bread&category_id=0&page=4
festive white bread 800g,Bread,Generic,Bread800g,E-Mart,800g,800.0,kg,0.8,0.0,130.0,0.0,162.5,2026-09-21,http://e-mart.co.ke/Festive-White-Bread-800g?search=bread&category_id=0&page=4
festive zero added sugar bread 400g,Bread,Generic,Bread400g,E-Mart,400g,400.0,kg,0.4,0.0,64.0,0.0,160.0,2026-09-21,http://e-mart.co.ke/Festive-Zero-Added-Sugar-Bread-400g?search=bread&category_id=0&page=4
live life well organic strong white bread flour 750g,Wheat Flour,Generic,Wheat Flour750g,E-Mart,750g,750.0,kg,0.75,0.0,799.0,0.0,1065.3333333333333,2026-09-21,http://e-mart.co.ke/live-life-well-organic-strong-white-bread-flour-750g?search=bread&category_id=0&page=4
nuvita choco chip shortbread biscuits 200g,Bread,Generic,Bread200g,E-Mart,200g,200.0,kg,0.2,0.0,290.0,0.0,1450.0,2026-09-21,http://e-mart.co.ke/Nuvita-Choco-Chip-Shortbread-Biscuits-200g?search=bread&category_id=0&page=4
nuvita ginger shortbread biscuits 200g,Bread,Generic,Bread200g,E-Mart,200g,200.0,kg,0.2,0.0,270.0,0.0,1350.0,2026-09-21,http://e-mart.co.ke/Nuvita-Ginger-Shortbread-Biscuits-200g?search=bread&category_id=0&page=4
nuvita regular shortbread biscuits 200g,Bread,Generic,Bread200g,E-Mart,200g,200.0,kg,0.2,0.0,270.0,0.0,1350.0,2026-09-21,http://e-mart.co.ke/Nuvita-Regular-Shortbread-Biscuits-200g?search=bread&category_id=0&page=4
supa loaf brown sliced bread 400g,Bread,Generic,Bread400g,E-Mart,400g,400.0,kg,0.4,0.0,65.0,0.0,162.5,2026-09-21,http://e-mart.co.ke/Supa-Loaf-Brown-Sliced-Bread-400g?search=bread&category_id=0&page=4
supa loaf white bread 1.5kg,Bread,Generic,Bread5kg,E-Mart,5kg,5.0,kg,5.0,0.0,240.0,0.0,48.0,2026-09-21,http://e-mart.co.ke/Supa-Loaf-White-Bread-1.5kg?search=bread&category_id=0&page=4
supa loaf white bread 400g,Bread,Generic,Bread400g,E-Mart,400g,400.0,kg,0.4,0.0,65.0,0.0,162.5,2026-09-21,http://e-mart.co.ke/Supa-Loaf-White-Bread?search=bread&category_id=0&page=4
supa loaf white bread 600g,Bread,Generic,Bread600g,E-Mart,600g,600.0,kg,0.6,0.0,99.0,0.0,165.0,2026-09-21,http://e-mart.co.ke/supa-loaf-white-bread-600g?search=bread&category_id=0&page=4
supa loaf white bread 800g,Bread,Generic,Bread800g,E-Mart,800g,800.0,kg,0.8,0.0,130.0,0.0,162.5,2026-09-21,http://e-mart.co.ke/BUY-SUPA-LOAF-PREMIUM-BREAD-800G?search=bread&category_id=0&page=5
supa loaf white butter toast bread 600g,Bread,Generic,Bread600g,E-Mart,600g,600.0,kg,0.6,0.0,99.0,0.0,165.0,2026-09-21,http://e-mart.co.ke/Supa-Loaf-White-Butter-Toast-Bread-600g?search=bread&category_id=0&page=5
supa loaf white butter toast bread 800g,Bread,Generic,Bread800g,E-Mart,800g,800.0,kg,0.8,0.0,130.0,0.0,162.5,2026-09-21,http://e-mart.co.ke/Supa-Loaf-White-Butter-Toast-Bread-800g?search=bread&category_id=0&page=5
blueband low fat spread for bread 250g,Bread,Generic,Bread250g,E-Mart,250g,250.0,kg,0.25,0.0,130.0,0.0,520.0,2026-09-21,http://e-mart.co.ke/Blueband-Low-Fat-Spread-For-Bread-250g?search=bread&category_id=0&page=5
broadways premium sliced bread 400g,Bread,Generic,Bread400g,E-Mart,400g,400.0,kg,0.4,0.0,65.0,0.0,162.5,2026-09-21,http://e-mart.co.ke/Broadways-Premium-Sliced-Bread-400g?search=bread&category_id=0&page=5
broadways sliced brown bread 400g,Bread,Generic,Bread400g,E-Mart,400g,400.0,kg,0.4,0.0,65.0,0.0,162.5,2026-09-21,http://e-mart.co.ke/Broadways-Brown-Bread-400g?search=bread&category_id=0&page=5
broadways unsliced white bread 200g,Bread,Generic,Bread200g,E-Mart,200g,200.0,kg,0.2,0.0,35.0,0.0,175.0,2026-09-21,http://e-mart.co.ke/Broadways-Unsliced-White-Bread-200g?search=bread&category_id=0&page=5
broadways white bread 400g,Bread,Generic,Bread400g,E-Mart,400g,400.0,kg,0.4,0.0,65.0,0.0,162.5,2026-09-21,http://e-mart.co.ke/Broadways-White-Bread-400g?search=bread&category_id=0&page=5
caroline gingerbread cookies mix 500g,Bread,Generic,Bread500g,E-Mart,500g,500.0,kg,0.5,0.0,560.0,0.0,1120.0,2026-09-21,http://e-mart.co.ke/caroline-gingerbread-cookies-mix-500g?search=bread&category_id=0&page=5
clearspring organic gluten free brown rice breadcrumbs wholegrain 250g,Rice,Generic,Rice250g,E-Mart,250g,250.0,kg,0.25,0.0,1299.0,0.0,5196.0,2026-09-21,http://e-mart.co.ke/clearspring-brown-rice-breadcrumbs?search=bread&category_id=0&page=6
doves gluten free brown bread flour blend 1kg,Wheat Flour,Generic,Wheat Flour1kg,E-Mart,1kg,1.0,kg,1.0,0.0,1050.0,0.0,1050.0,2026-09-21,http://e-mart.co.ke/DOVES-GLUTEN-FREE-BROWN-BREAD-FLOUR-BLEND-1KG?search=bread&category_id=0&page=6
doves gluten free white bread flour 1kg,Wheat Flour,Generic,Wheat Flour1kg,E-Mart,1kg,1.0,kg,1.0,0.0,1050.0,0.0,1050.0,2026-09-21,http://e-mart.co.ke/doves-gluten-free-white-bread-flour-1kg?search=bread&category_id=0&page=6
doves organic strong white bread flour 1.5kg,Wheat Flour,Generic,Wheat Flour5kg,E-Mart,5kg,5.0,kg,5.0,0.0,950.0,0.0,190.0,2026-09-21,http://e-mart.co.ke/doves-organic-strong-white-bread-flour-1.5kg?search=bread&category_id=0&page=6
doves organic strong wholemeal bread flour 1.5kg,Wheat Flour,Generic,Wheat Flour5kg,E-Mart,5kg,5.0,kg,5.0,0.0,950.0,0.0,190.0,2026-09-21,http://e-mart.co.ke/doves-organic-strong-wholemeal-bread-flour-1.5kg?search=bread&category_id=0&page=6
festive finest super seeded bread 400g,Bread,Generic,Bread400g,E-Mart,400g,400.0,kg,0.4,0.0,140.0,0.0,350.0,2026-09-21,http://e-mart.co.ke/Festive-Finest-Super-Seeded-Bread-400g?search=bread&category_id=0&page=6
festive natures gold white bread 400g,Bread,Generic,Bread400g,E-Mart,400g,400.0,kg,0.4,0.0,65.0,0.0,162.5,2026-09-21,http://e-mart.co.ke/Festive-Natures-Gold-White-Bread-400g?search=bread&category_id=0&page=6
kingsmil milky white bread 600g,Milk,Kingsmil,MilkKingsmil600g,E-Mart,600g,600.0,kg,0.6,0.0,110.0,0.0,183.33333333333334,2026-09-21,http://e-mart.co.ke/KINGSMIL-MILKY-WHITE-BREAD-600G?search=bread&category_id=0&page=7
kingsmil milky white bread 800g,Milk,Kingsmil,MilkKingsmil800g,E-Mart,800g,800.0,kg,0.8,0.0,135.0,0.0,168.75,2026-09-21,http://e-mart.co.ke/KINGSMIL-MILKY-WHITE-BREAD-800G?search=bread&category_id=0&page=7
mibisco bread crumbs 250g,Bread,Generic,Bread250g,E-Mart,250g,250.0,kg,0.25,0.0,150.0,0.0,600.0,2026-09-21,http://e-mart.co.ke/MIBISCO-BREAD-CRUMBS-250G?search=bread&category_id=0&page=7
mibisco bread crumbs 500g,Bread,Generic,Bread500g,E-Mart,500g,500.0,kg,0.5,0.0,299.0,0.0,598.0,2026-09-21,http://e-mart.co.ke/MIBISCO_BREAD_CRUMBS_500S?search=bread&category_id=0&page=7
nutella ferrero and go hazelnut spread with breadsticks 54g,Bread,Generic,Bread54g,E-Mart,54g,54.0,kg,0.054,0.0,349.0,0.0,6462.962962962963,2026-09-21,http://e-mart.co.ke/nutella-and-go-hazelnut-spread-with-breadsticks-54g?search=bread&category_id=0&page=7
supa loaf butter toast bread 400g,Bread,Generic,Bread400g,E-Mart,400g,400.0,kg,0.4,0.0,65.0,0.0,162.5,2026-09-21,http://e-mart.co.ke/Supa-Loaf-Butter-Toast-Bread-400g?search=bread&category_id=0&page=7
supa loaf slice brown bread 400g,Bread,Generic,Bread400g,E-Mart,400g,400.0,kg,0.4,0.0,65.0,0.0,162.5,2026-09-21,http://e-mart.co.ke/Supa-Loaf-Slice-Brown-Bread-400g?search=bread&category_id=0&page=7
unga exe brown bread flour 2kg,Wheat Flour,Generic,Wheat Flour2kg,E-Mart,2kg,2.0,kg,2.0,0.0,199.0,0.0,99.5,2026-09-21,http://e-mart.co.ke/exe-brown-bread-flour-2kg?search=bread&category_id=0&page=7
blueband instant porridge flour 500g,Wheat Flour,Generic,Wheat Flour500g,E-Mart,500g,500.0,kg,0.5,0.0,185.0,0.0,370.0,2026-09-21,http://e-mart.co.ke/Blueband-Instant-Porridge-Flour-1kg?search=bread&category_id=0&page=7
blueband low fat spread for bread 100g,Bread,Generic,Bread100g,E-Mart,100g,100.0,kg,0.1,0.0,50.0,0.0,500.0,2026-09-21,http://e-mart.co.ke/Blueband-Low-Fat-Spread-For-Bread-100g?search=bread&category_id=0&page=7
bob's redmill stone ground cornbread & muffin mix 680g,Bread,Generic,Bread680g,E-Mart,680g,680.0,kg,0.68,0.0,699.0,0.0,1027.941176470588,2026-09-21,http://e-mart.co.ke/BOBS-REDMILL-STONE-GROUND-CORNBREAD-AND-MUFFIN-MIX-680G?search=bread&category_id=0&page=8
clearspring organic original rye crispbread 200g,Bread,Generic,Bread200g,E-Mart,200g,200.0,kg,0.2,0.0,649.0,0.0,3245.0,2026-09-21,http://e-mart.co.ke/clearspring-original-rye-crispbread?search=bread&category_id=0&page=8
clearspring organic sesame rye crispbread 200g,Bread,Generic,Bread200g,E-Mart,200g,200.0,kg,0.2,0.0,699.0,0.0,3495.0,2026-09-21,http://e-mart.co.ke/clearspring-sesame-rye?search=bread&category_id=0&page=8
amisa organic gluten-free garden veggie crispbread 100g,Bread,Generic,Bread100g,E-Mart,100g,100.0,kg,0.1,0.0,699.0,0.0,6990.0,2026-09-21,http://e-mart.co.ke/AMISA-ORGANIC-GLUTEN-FREE-GARDEN-VEGGIE-CRISPBREAD-100G?search=bread&category_id=0&page=8
biona organic rye bread 500g,Bread,Generic,Bread500g,E-Mart,500g,500.0,kg,0.5,0.0,999.0,0.0,1998.0,2026-09-21,http://e-mart.co.ke/biona-organic-rye-bread-500g?search=bread&category_id=0&page=8
broadways kati kati bread 400g,Bread,Generic,Bread400g,E-Mart,400g,400.0,kg,0.4,0.0,65.0,0.0,162.5,2026-09-21,http://e-mart.co.ke/BROADWAYS_KATI_KATI_BREAD_400GMS?search=bread&category_id=0&page=8
ennsvalley brown sandwich bread 1.5kg,Bread,Generic,Bread5kg,E-Mart,5kg,5.0,kg,5.0,0.0,260.0,0.0,52.0,2026-09-21,http://e-mart.co.ke/BUY-ENNSVALLEY-BROWN-SANDWICH-BREAD-1.5KG?search=bread&category_id=0&page=8
ennsvalley golden family loaf white bread 800g,Bread,Generic,Bread800g,E-Mart,800g,800.0,kg,0.8,0.0,199.0,0.0,248.75,2026-09-21,http://e-mart.co.ke/BUY-ENNSVALLEY-GOLDEN-FAMILY-LOAF-WHITE-BREAD-800G?search=bread&category_id=0&page=8
ennsvalley whole meal bread 600g,Bread,Generic,Bread600g,E-Mart,600g,600.0,kg,0.6,0.0,169.0,0.0,281.6666666666667,2026-09-21,http://e-mart.co.ke/ENNSVALLEY-WHOLE-MEAL-BREAD-600G?search=bread&category_id=0&page=8
224 pishori rice 2kg,Rice,Generic,Rice2kg,E-Mart,2kg,2.0,kg,2.0,0.0,580.0,0.0,290.0,2026-09-21,http://e-mart.co.ke/224-aromantic-rice-5kg?search=rice&category_id=0
224 pishori rice 5kg,Rice,Generic,Rice5kg,E-Mart,5kg,5.0,kg,5.0,0.0,1500.0,0.0,300.0,2026-09-21,http://e-mart.co.ke/ buy-rice-online?search=rice&category_id=0
butterfly gram flour 2kg,Wheat Flour,Generic,Wheat Flour2kg,E-Mart,2kg,2.0,kg,2.0,0.0,1030.0,0.0,515.0,2026-09-21,http://e-mart.co.ke/Butterfly-Gram-Flour-2kg?search=rice&category_id=0&page=2
cil aromatic mwea pishori rice 2kg,Rice,Generic,Rice2kg,E-Mart,2kg,2.0,kg,2.0,0.0,650.0,0.0,325.0,2026-09-21,http://e-mart.co.ke/Cil-Aromatic-Mwea-Pishori-Rice-2kg?search=rice&category_id=0&page=2
cil aromatic mwea pishori rice 5kg,Rice,Generic,Rice5kg,E-Mart,5kg,5.0,kg,5.0,0.0,1500.0,0.0,300.0,2026-09-21,http://e-mart.co.ke/Cil-Aromatic-Mwea-Pishori-Rice-5kg?search=rice&category_id=0&page=3
daawat aromatic rice 5kg,Rice,Generic,Rice5kg,E-Mart,5kg,5.0,kg,5.0,0.0,1650.0,0.0,330.0,2026-09-21,http://e-mart.co.ke/daawat-aromatic-rice-5kg?search=rice&category_id=0&page=3
daawat biryani rice 2kg,Rice,Generic,Rice2kg,E-Mart,2kg,2.0,kg,2.0,0.0,560.0,0.0,280.0,2026-09-21,http://e-mart.co.ke/daawat-biryani-rice-2kg?search=rice&category_id=0&page=4
daawat biryani rice 5kg,Rice,Generic,Rice5kg,E-Mart,5kg,5.0,kg,5.0,0.0,1400.0,0.0,280.0,2026-09-21,http://e-mart.co.ke/daawat-biryani-rice-5kg?search=rice&category_id=0&page=4
daawat deli basmati rice 5kg,Rice,Generic,Rice5kg,E-Mart,5kg,5.0,kg,5.0,0.0,1699.0,0.0,339.8,2026-09-21,http://e-mart.co.ke/daawat-deli-basmati-rice-5kg-emart-kenya?search=rice&category_id=0&page=4
daawat long grain rice 5kg,Rice,Generic,Rice5kg,E-Mart,5kg,5.0,kg,5.0,0.0,999.0,0.0,199.8,2026-09-21,http://e-mart.co.ke/daawat-long-grain-rice-5kg?search=rice&category_id=0&page=4
daawat parboiled rice 2kg,Cooking Oil,Generic,Cooking Oil2kg,E-Mart,2kg,2.0,kg,2.0,0.0,580.0,0.0,290.0,2026-09-21,http://e-mart.co.ke/daawat-parboiled-rice-2kg	?search=rice&category_id=0&page=4
daawat traditional basmati rice 5kg,Rice,Generic,Rice5kg,E-Mart,5kg,5.0,kg,5.0,0.0,1849.0,0.0,369.8,2026-09-21,http://e-mart.co.ke/daawat-basmati-rice-5kg?search=rice&category_id=0&page=4
evlution nutrition stacked protein gainer double rice chocolate 5.44kg,Rice,Generic,Rice44kg,E-Mart,44kg,44.0,kg,44.0,0.0,11249.0,0.0,255.6590909090909,2026-09-21,http://e-mart.co.ke/evlution-nutrition-stacked-protein-gainer-double-rice-chocolate-5-44kg?search=rice&category_id=0&page=5
fit choco rice cereal 400g,Rice,Generic,Rice400g,E-Mart,400g,400.0,kg,0.4,0.0,450.0,0.0,1125.0,2026-09-21,http://e-mart.co.ke/fit--choco-rice-400g-available-on-e-mart?search=rice&category_id=0&page=5
guru special basmati rice 5kg,Rice,Generic,Rice5kg,E-Mart,5kg,5.0,kg,5.0,0.0,1790.0,0.0,358.0,2026-09-21,http://e-mart.co.ke/Buy-Guru-Special-Basmati-Rice-5Kg-emart-kenya?search=rice&category_id=0&page=8
avena vegetable cooking oil 20litres,Cooking Oil,Generic,Cooking Oil20l,E-Mart,20l,20.0,litres,20.0,0.0,5650.0,0.0,282.5,2026-09-21,http://e-mart.co.ke/avena-vegetable-cooking-oil-20litres?search=cooking%20oil&category_id=0
avena vegetable cooking oil 5litres,Cooking Oil,Generic,Cooking Oil5l,E-Mart,5l,5.0,litres,5.0,0.0,1625.0,0.0,325.0,2026-09-21,http://e-mart.co.ke/avena-vegetable-cooking-oil-5litres	?search=cooking%20oil&category_id=0
bahari fry cooking oil 20litres,Cooking Oil,Generic,Cooking Oil20l,E-Mart,20l,20.0,litres,20.0,0.0,5850.0,0.0,292.5,2026-09-21,http://e-mart.co.ke/Bahari-Fry-Cooking-Oil-20litres?search=cooking%20oil&category_id=0
bahari fry cooking oil 5 litres,Cooking Oil,Generic,Cooking Oil5l,E-Mart,5l,5.0,litres,5.0,0.0,1650.0,0.0,330.0,2026-09-21,http://e-mart.co.ke/Bahari-Fry-Cooking-Oil-5-litres?search=cooking%20oil&category_id=0
captain cook pure corn oil 5litres,Cooking Oil,Generic,Cooking Oil5l,E-Mart,5l,5.0,litres,5.0,0.0,2400.0,0.0,480.0,2026-09-21,http://e-mart.co.ke/captain-cook-cooking-oil-5litres?search=cooking%20oil&category_id=0
dola premium atta mark 1 flour 2kg,Wheat Flour,Generic,Wheat Flour2kg,E-Mart,2kg,2.0,kg,2.0,0.0,180.0,0.0,90.0,2026-09-21,http://e-mart.co.ke/Dola-Atta-Mark-1-Flour-2kg?search=cooking%20oil&category_id=0
dola vegetable cooking oil 5litres,Cooking Oil,Generic,Cooking Oil5l,E-Mart,5l,5.0,litres,5.0,0.0,1750.0,0.0,350.0,2026-09-21,http://e-mart.co.ke/dola-cooking-oil-5litres?search=cooking%20oil&category_id=0
elianto corn oil 10litres,Cooking Oil,Generic,Cooking Oil10l,E-Mart,10l,10.0,litres,10.0,0.0,5250.0,0.0,525.0,2026-09-21,http://e-mart.co.ke/eliant-cooking-oil-10litres?search=cooking%20oil&category_id=0
elianto corn oil 20litres,Cooking Oil,Generic,Cooking Oil20l,E-Mart,20l,20.0,litres,20.0,0.0,10400.0,0.0,520.0,2026-09-21,http://e-mart.co.ke/buy-elianto-cookig-oil-20litres?search=cooking%20oil&category_id=0&page=2
elianto corn oil 5litres,Cooking Oil,Generic,Cooking Oil5l,E-Mart,5l,5.0,litres,5.0,0.0,2650.0,0.0,530.0,2026-09-21,http://e-mart.co.ke/elianto-corn-oil-5litres?search=cooking%20oil&category_id=0&page=2
fresh fri vegetable cooking oil 20litres,Cooking Oil,Generic,Cooking Oil20l,E-Mart,20l,20.0,litres,20.0,0.0,5850.0,0.0,292.5,2026-09-21,http://e-mart.co.ke/fresh-fri-cooking-oil-20litres ?search=cooking%20oil&category_id=0&page=2
fresh fri vegetable cooking oil 5litres,Cooking Oil,Generic,Cooking Oil5l,E-Mart,5l,5.0,litres,5.0,0.0,1650.0,0.0,330.0,2026-09-21,http://e-mart.co.ke/fresh-fri-cooking-oil-5litres	?search=cooking%20oil&category_id=0&page=2
golden fry cooking oil 10litres,Cooking Oil,Generic,Cooking Oil10l,E-Mart,10l,10.0,litres,10.0,0.0,2850.0,0.0,285.0,2026-09-21,http://e-mart.co.ke/golden-fry-cooking-oil-10litres?search=cooking%20oil&category_id=0&page=2
golden fry cooking oil 20litres,Cooking Oil,Generic,Cooking Oil20l,E-Mart,20l,20.0,litres,20.0,0.0,5719.0,0.0,285.95,2026-09-21,http://e-mart.co.ke/golden-fry-cooking-oil-20litres?search=cooking%20oil&category_id=0&page=2
golden fry cooking oil 5litres,Cooking Oil,Generic,Cooking Oil5l,E-Mart,5l,5.0,litres,5.0,0.0,1640.0,0.0,328.0,2026-09-21,http://e-mart.co.ke/Golden-Fry-Cooking-Oil-5litres?search=cooking%20oil&category_id=0&page=2
master chef premium cooking oil 5l,Cooking Oil,Generic,Cooking Oil5l,E-Mart,5l,5.0,litres,5.0,0.0,1630.0,0.0,326.0,2026-09-21,http://e-mart.co.ke/Master-chef-premium-cooking-oil-5l?search=cooking%20oil&category_id=0&page=2
pika pure vegetable oil 10 litres,Cooking Oil,Generic,Cooking Oil10l,E-Mart,10l,10.0,litres,10.0,0.0,2680.0,0.0,268.0,2026-09-21,http://e-mart.co.ke/pika-cooking-oil-10litres?search=cooking%20oil&category_id=0&page=2
pika pure vegetable oil 20 litres,Cooking Oil,Generic,Cooking Oil20l,E-Mart,20l,20.0,litres,20.0,0.0,5450.0,0.0,272.5,2026-09-21,http://e-mart.co.ke/pika-cooking-oil-20litres?search=cooking%20oil&category_id=0&page=2
pika pure vegetable oil 5litres,Cooking Oil,Generic,Cooking Oil5l,E-Mart,5l,5.0,litres,5.0,0.0,1650.0,0.0,330.0,2026-09-21,http://e-mart.co.ke/pika-pure-vegetable-oil-5l?search=cooking%20oil&category_id=0&page=2
rina vegetable cooking oil 10litre,Cooking Oil,Generic,Cooking Oil10l,E-Mart,10l,10.0,litres,10.0,0.0,3399.0,0.0,339.9,2026-09-21,http://e-mart.co.ke/rina-vegetable-cooking-oil-10-litre?search=cooking%20oil&category_id=0&page=2
rina vegetable cooking oil 20litres,Cooking Oil,Generic,Cooking Oil20l,E-Mart,20l,20.0,litres,20.0,0.0,6850.0,0.0,342.5,2026-09-21,http://e-mart.co.ke/rina-vegetable-cooking-oil-20litres?search=cooking%20oil&category_id=0&page=3
rina vegetable cooking oil 5litres,Cooking Oil,Generic,Cooking Oil5l,E-Mart,5l,5.0,litres,5.0,0.0,1870.0,0.0,374.0,2026-09-21,http://e-mart.co.ke/rina-vegetable-cooking-oil-5litres?search=cooking%20oil&category_id=0&page=3
rinsun sunflower oil 10litres,Cooking Oil,Generic,Cooking Oil10l,E-Mart,10l,10.0,litres,10.0,0.0,4200.0,0.0,420.0,2026-09-21,http://e-mart.co.ke/rinsun-sunflower-oil-10llitres-now-available-on-e-mart?search=cooking%20oil&category_id=0&page=3
rinsun sunflower oil 20litres,Cooking Oil,Generic,Cooking Oil20l,E-Mart,20l,20.0,litres,20.0,0.0,8290.0,0.0,414.5,2026-09-21,http://e-mart.co.ke/rinsun-sunflower-oil-20llitres-now-available-on-e-mart?search=cooking%20oil&category_id=0&page=3
rinsun sunflower oil 5litres,Cooking Oil,Generic,Cooking Oil5l,E-Mart,5l,5.0,litres,5.0,0.0,2140.0,0.0,428.0,2026-09-21,http://e-mart.co.ke/rinsun-sunflower-oil-5llitres-now-available-on-e-mart?search=cooking%20oil&category_id=0&page=3
salit vegetable cooking oil 10litres,Cooking Oil,Generic,Cooking Oil10l,E-Mart,10l,10.0,litres,10.0,0.0,2800.0,0.0,280.0,2026-09-21,http://e-mart.co.ke/salit-vegetable-cooking-oil-10litres-now-available-on-e-mart?search=cooking%20oil&category_id=0&page=3
salit vegetable cooking oil 20litres,Cooking Oil,Generic,Cooking Oil20l,E-Mart,20l,20.0,litres,20.0,0.0,5550.0,0.0,277.5,2026-09-21,http://e-mart.co.ke/salit-cooking-oil-20-litres-now-available-at-emart-kenya?search=cooking%20oil&category_id=0&page=3
salit vegetable cooking oil 5litres,Cooking Oil,Generic,Cooking Oil5l,E-Mart,5l,5.0,litres,5.0,0.0,1649.0,0.0,329.8,2026-09-21,http://e-mart.co.ke/salit-vegetable-cooking-oil-5litres-now-available-on-e-mart?search=cooking%20oil&category_id=0&page=3
sungold lite sunflower oil 10l,Cooking Oil,Generic,Cooking Oil10l,E-Mart,10l,10.0,litres,10.0,0.0,3700.0,0.0,370.0,2026-09-21,http://e-mart.co.ke/SUNGOLD-LITE-SUNFLOWER-OIL-10L?search=cooking%20oil&category_id=0&page=3
sungold lite sunflower oil 20litres,Cooking Oil,Generic,Cooking Oil20l,E-Mart,20l,20.0,litres,20.0,0.0,7499.0,0.0,374.95,2026-09-21,http://e-mart.co.ke/BUY-COOKING-OIL-20LITRES-NOW-AVAILABLE-ON-E-MART?search=cooking%20oil&category_id=0&page=3
sungold lite sunflower oil 5litres,Cooking Oil,Generic,Cooking Oil5l,E-Mart,5l,5.0,litres,5.0,0.0,1890.0,0.0,378.0,2026-09-21,http://e-mart.co.ke/index.php?route=product/product&product_id=505&search=cooking+oil&category_id=0&page=3
top fry vegetable cooking oil 5l,Cooking Oil,Generic,Cooking Oil5l,E-Mart,5l,5.0,litres,5.0,0.0,1650.0,0.0,330.0,2026-09-21,http://e-mart.co.ke/PURE_VEGETABLE_OIL_TOP_FRY_5L?search=cooking%20oil&category_id=0&page=4
ufuta vegetable cooking oil 10l,Cooking Oil,Generic,Cooking Oil10l,E-Mart,10l,10.0,litres,10.0,0.0,2740.0,0.0,274.0,2026-09-21,http://e-mart.co.ke/BUY-UFUTA-VEGETABLE-OIL ?search=cooking%20oil&category_id=0&page=4
ufuta vegetable cooking oil 20litres,Cooking Oil,Generic,Cooking Oil20l,E-Mart,20l,20.0,litres,20.0,0.0,5399.0,0.0,269.95,2026-09-21,http://e-mart.co.ke/UFUTA-VEGETABLE-OIL-20L?search=cooking%20oil&category_id=0&page=4
ufuta vegetable cooking oil 5 litres,Cooking Oil,Generic,Cooking Oil5l,E-Mart,5l,5.0,litres,5.0,0.0,1550.0,0.0,310.0,2026-09-21,http://e-mart.co.ke/ufuta-cooking-oil-5l?search=cooking%20oil&category_id=0&page=4
avena vegetable cooking oil 2 litres,Cooking Oil,Generic,Cooking Oil2l,E-Mart,2l,2.0,litres,2.0,0.0,750.0,0.0,375.0,2026-09-21,http://e-mart.co.ke/Avena-Vegetable-Cooking-Oil-2-Litres?search=cooking%20oil&category_id=0&page=4
avena vegetable cooking oil 3litres,Cooking Oil,Generic,Cooking Oil3l,E-Mart,3l,3.0,litres,3.0,0.0,1050.0,0.0,350.0,2026-09-21,http://e-mart.co.ke/Avena-Vegetable-Cooking-Oil-3Litres	?search=cooking%20oil&category_id=0&page=4
bahari fry cooking oil 1 litre,Cooking Oil,Generic,Cooking Oil1l,E-Mart,1l,1.0,litres,1.0,0.0,399.0,0.0,399.0,2026-09-21,http://e-mart.co.ke/Bahari-Fry-Cooking-Oil-1Litre?search=cooking%20oil&category_id=0&page=4
bahari fry cooking oil 2 litres,Cooking Oil,Generic,Cooking Oil2l,E-Mart,2l,2.0,litres,2.0,0.0,750.0,0.0,375.0,2026-09-21,http://e-mart.co.ke/Bahari-Fry-Cooking-Oil-2-litres	?search=cooking%20oil&category_id=0&page=4
bahari fry cooking oil 3litres,Cooking Oil,Generic,Cooking Oil3l,E-Mart,3l,3.0,litres,3.0,0.0,1150.0,0.0,383.3333333333333,2026-09-21,http://e-mart.co.ke/Bahari-Fry-Cooking-Oil-3litres?search=cooking%20oil&category_id=0&page=4
bahari fry cooking oil 500ml,Cooking Oil,Generic,Cooking Oil500ml,E-Mart,500ml,500.0,litres,0.5,0.0,210.0,0.0,420.0,2026-09-21,http://e-mart.co.ke/Bahari-Fry-Cooking-Oil-500ml?search=cooking%20oil&category_id=0&page=5
elianto corn oil 1litre,Cooking Oil,Generic,Cooking Oil1l,E-Mart,1l,1.0,litres,1.0,0.0,645.0,0.0,645.0,2026-09-21,http://e-mart.co.ke/elianto-cooking-oil-1litre?search=cooking%20oil&category_id=0&page=5
elianto corn oil 2litres,Cooking Oil,Generic,Cooking Oil2l,E-Mart,2l,2.0,litres,2.0,0.0,1230.0,0.0,615.0,2026-09-21,http://e-mart.co.ke/elianto-cooking-oil-2litres?search=cooking%20oil&category_id=0&page=5
elianto corn oil 3litres,Cooking Oil,Generic,Cooking Oil3l,E-Mart,3l,3.0,litres,3.0,0.0,1650.0,0.0,550.0,2026-09-21,http://e-mart.co.ke/elianto-corn-cooking-oil-3-litres?search=cooking%20oil&category_id=0&page=5
golden fry cooking oil 3litres,Cooking Oil,Generic,Cooking Oil3l,E-Mart,3l,3.0,litres,3.0,0.0,1050.0,0.0,350.0,2026-09-21,http://e-mart.co.ke/Golden-Fry-Cooking-Oil-3litres	?search=cooking%20oil&category_id=0&page=5
kimbo vegetable cooking oil 1litre,Cooking Oil,Generic,Cooking Oil1l,E-Mart,1l,1.0,litres,1.0,0.0,499.0,0.0,499.0,2026-09-21,http://e-mart.co.ke/kimbo-vegetable-cooking-oil-1litre?search=cooking%20oil&category_id=0&page=5
kimbo vegetable cooking oil 2litres,Cooking Oil,Generic,Cooking Oil2l,E-Mart,2l,2.0,litres,2.0,0.0,740.0,0.0,370.0,2026-09-21,http://e-mart.co.ke/kimbo-vegetable-cooking-oil-2litres?search=cooking%20oil&category_id=0&page=5
kimbo vegetable cooking oil 3litres,Cooking Oil,Generic,Cooking Oil3l,E-Mart,3l,3.0,litres,3.0,0.0,1200.0,0.0,400.0,2026-09-21,http://e-mart.co.ke/kimbo-vegetable-cooking-oil-3litres?search=cooking%20oil&category_id=0&page=5
kimbo vegetable cooking oil 5litres,Cooking Oil,Generic,Cooking Oil5l,E-Mart,5l,5.0,litres,5.0,0.0,1740.0,0.0,348.0,2026-09-21,http://e-mart.co.ke/kimbo-premium-pure-vegetable-cooking-oil-5litres?search=cooking%20oil&category_id=0&page=6
lake oil cooking gas refill 13kg,Cooking Oil,Generic,Cooking Oil13kg,E-Mart,13kg,13.0,kg,13.0,0.0,3000.0,0.0,230.76923076923077,2026-09-21,http://e-mart.co.ke/index.php?route=product/product&product_id=8993&search=cooking+oil&category_id=0&page=6
lake oil cooking gas refill 6kg,Cooking Oil,Generic,Cooking Oil6kg,E-Mart,6kg,6.0,kg,6.0,0.0,1450.0,0.0,241.66666666666666,2026-09-21,http://e-mart.co.ke/index.php?route=product/product&product_id=8994&search=cooking+oil&category_id=0&page=6
master chef premium cooking oil 500ml,Cooking Oil,Generic,Cooking Oil500ml,E-Mart,500ml,500.0,litres,0.5,0.0,230.0,0.0,460.0,2026-09-21,http://e-mart.co.ke/MASTER-CHEF-PREMIUM-COOKING-OIL-NOW-AVAILABLE-ON-E-MART?search=cooking%20oil&category_id=0&page=6
rina vegetable cooking oil 2litres,Cooking Oil,Generic,Cooking Oil2l,E-Mart,2l,2.0,litres,2.0,0.0,790.0,0.0,395.0,2026-09-21,http://e-mart.co.ke/rina-vegetable-oil-2l?search=cooking%20oil&category_id=0&page=6
rina vegetable cooking oil 3litres,Cooking Oil,Generic,Cooking Oil3l,E-Mart,3l,3.0,litres,3.0,0.0,1200.0,0.0,400.0,2026-09-21,http://e-mart.co.ke/Rina-Vegetable-Cooking-Oil-3Litres?search=cooking%20oil&category_id=0&page=6
rinsun sunflower oil 3litres,Cooking Oil,Generic,Cooking Oil3l,E-Mart,3l,3.0,litres,3.0,0.0,1435.0,0.0,478.3333333333333,2026-09-21,http://e-mart.co.ke/rinsun-sunflower-oil-3llitres-now-available-on-e-mart?search=cooking%20oil&category_id=0&page=6
salit vegetable cooking oil 2litres,Cooking Oil,Generic,Cooking Oil2l,E-Mart,2l,2.0,litres,2.0,0.0,675.0,0.0,337.5,2026-09-21,http://e-mart.co.ke/salit-vegetable-cooking-oil-2litres-now-available-on-e-mart?search=cooking%20oil&category_id=0&page=6
salit vegetable cooking oil 3litres,Cooking Oil,Generic,Cooking Oil3l,E-Mart,3l,3.0,litres,3.0,0.0,1050.0,0.0,350.0,2026-09-21,http://e-mart.co.ke/salit-vegetable-cooking-oil-3litres-now-available-on-e-mart?search=cooking%20oil&category_id=0&page=6
sungold lite sunflower oil 1l,Cooking Oil,Generic,Cooking Oil1l,E-Mart,1l,1.0,litres,1.0,0.0,470.0,0.0,470.0,2026-09-21,http://e-mart.co.ke/SUNGOLD-LITE-SUNFLOWER-OIL-1L?search=cooking%20oil&category_id=0&page=6
sungold lite sunflower oil 2litres,Cooking Oil,Generic,Cooking Oil2l,E-Mart,2l,2.0,litres,2.0,0.0,950.0,0.0,475.0,2026-09-21,http://e-mart.co.ke/index.php?route=product/product&product_id=733&search=cooking+oil&category_id=0&page=6
sungold sunflower oil 3litres,Cooking Oil,Generic,Cooking Oil3l,E-Mart,3l,3.0,litres,3.0,0.0,1290.0,0.0,430.0,2026-09-21,http://e-mart.co.ke/SUNGOLD-SUNFLOWER-OIL-3LITRES?search=cooking%20oil&category_id=0&page=7
top fry vegetable cooking oil 20litres,Cooking Oil,Generic,Cooking Oil20l,E-Mart,20l,20.0,litres,20.0,0.0,5229.0,0.0,261.45,2026-09-21,http://e-mart.co.ke/TOP-FRY-COOKING-OIL-20LITRES?search=cooking%20oil&category_id=0&page=7
top fry vegetable cooking oil 2l,Cooking Oil,Generic,Cooking Oil2l,E-Mart,2l,2.0,litres,2.0,0.0,750.0,0.0,375.0,2026-09-21,http://e-mart.co.ke/TOP-FRY-COOKING-OIL-2L?search=cooking%20oil&category_id=0&page=7
top fry vegetable cooking oil 3l,Cooking Oil,Generic,Cooking Oil3l,E-Mart,3l,3.0,litres,3.0,0.0,1050.0,0.0,350.0,2026-09-21,http://e-mart.co.ke/TOP-FRY-VEGETABLE-OIL-3L?search=cooking%20oil&category_id=0&page=7
ufuta vegetable cooking oil 1 litre,Cooking Oil,Generic,Cooking Oil1l,E-Mart,1l,1.0,litres,1.0,0.0,350.0,0.0,350.0,2026-09-21,http://e-mart.co.ke/UFUTA-COOKING-OIL-1-LITRE?search=cooking%20oil&category_id=0&page=7
ufuta vegetable cooking oil 2 litres,Cooking Oil,Generic,Cooking Oil2l,E-Mart,2l,2.0,litres,2.0,0.0,750.0,0.0,375.0,2026-09-21,http://e-mart.co.ke/UFUTA-COOKING-OIL-2L?search=cooking%20oil&category_id=0&page=7
ufuta vegetable cooking oil 3 litres,Cooking Oil,Generic,Cooking Oil3l,E-Mart,3l,3.0,litres,3.0,0.0,1049.0,0.0,349.6666666666667,2026-09-21,http://e-mart.co.ke/UFUTA-COOKING-OIL-3L?search=cooking%20oil&category_id=0&page=7
ufuta vegetable cooking oil 500ml,Cooking Oil,Generic,Cooking Oil500ml,E-Mart,500ml,500.0,litres,0.5,0.0,220.0,0.0,440.0,2026-09-21,http://e-mart.co.ke/UFUTA-VEGETABLE-OIL-500ML?search=cooking%20oil&category_id=0&page=7
avena vegetable cooking oil 1 litre,Cooking Oil,Generic,Cooking Oil1l,E-Mart,1l,1.0,litres,1.0,0.0,399.0,0.0,399.0,2026-09-21,http://e-mart.co.ke/Avena-Vegetable-Cooking-Oil-1L?search=cooking%20oil&category_id=0&page=7
avena vegetable cooking oil 500ml,Cooking Oil,Generic,Cooking Oil500ml,E-Mart,500ml,500.0,litres,0.5,0.0,240.0,0.0,480.0,2026-09-21,http://e-mart.co.ke/Avena-Vegetable-Cooking-Oil-500ml?search=cooking%20oil&category_id=0&page=7
captain cook pure corn oil 1litre,Cooking Oil,Generic,Cooking Oil1l,E-Mart,1l,1.0,litres,1.0,0.0,590.0,0.0,590.0,2026-09-21,http://e-mart.co.ke/captain-cook-corn-oil-1litre?search=cooking%20oil&category_id=0&page=8
captain cook pure corn oil 2litres,Cooking Oil,Generic,Cooking Oil2l,E-Mart,2l,2.0,litres,2.0,0.0,1200.0,0.0,600.0,2026-09-21,http://e-mart.co.ke/captain-cook-corn-oil-2litres?search=cooking%20oil&category_id=0&page=8
captain cook pure corn oil 3litres,Cooking Oil,Generic,Cooking Oil3l,E-Mart,3l,3.0,litres,3.0,0.0,1699.0,0.0,566.3333333333334,2026-09-21,http://e-mart.co.ke/captain-cook-corn-oil-3lires?search=cooking%20oil&category_id=0&page=8
fresh fri vegetable cooking oil 1litre,Cooking Oil,Generic,Cooking Oil1l,E-Mart,1l,1.0,litres,1.0,0.0,370.0,0.0,370.0,2026-09-21,http://e-mart.co.ke/fresh-fri-cooking-oil-1litres?search=cooking%20oil&category_id=0&page=8
fresh fri vegetable cooking oil 2litres,Cooking Oil,Generic,Cooking Oil2l,E-Mart,2l,2.0,litres,2.0,0.0,699.0,0.0,349.5,2026-09-21,http://e-mart.co.ke/fresh-fri-cooking-oil-2litres?search=cooking%20oil&category_id=0&page=8
fresh fri vegetable cooking oil 3litres,Cooking Oil,Generic,Cooking Oil3l,E-Mart,3l,3.0,litres,3.0,0.0,1050.0,0.0,350.0,2026-09-21,http://e-mart.co.ke/fresh-fri-cooking-oil-3litres?search=cooking%20oil&category_id=0&page=8
golden fry cooking oil 1 litre,Cooking Oil,Generic,Cooking Oil1l,E-Mart,1l,1.0,litres,1.0,0.0,390.0,0.0,390.0,2026-09-21,http://e-mart.co.ke/Golden-Fry-Cooking-Oil-1-litre?search=cooking%20oil&category_id=0&page=8
golden fry cooking oil 2 litres,Cooking Oil,Generic,Cooking Oil2l,E-Mart,2l,2.0,litres,2.0,0.0,740.0,0.0,370.0,2026-09-21,http://e-mart.co.ke/Golden-Fry-Cooking-Oil-2-litres	?search=cooking%20oil&category_id=0&page=8
golden fry cooking oil 500ml,Cooking Oil,Generic,Cooking Oil500ml,E-Mart,500ml,500.0,litres,0.5,0.0,215.0,0.0,430.0,2026-09-21,http://e-mart.co.ke/buy-golden-fry-vegetable-oil-500ml?search=cooking%20oil&category_id=0&page=8
kimbo vegetable cooking oil 500ml,Cooking Oil,Generic,Cooking Oil500ml,E-Mart,500ml,500.0,litres,0.5,0.0,219.0,0.0,438.0,2026-09-21,http://e-mart.co.ke/kimbo-vegetable-cooking-oil-500ml?search=cooking%20oil&category_id=0&page=8
pika pure vegetable oil 1l,Cooking Oil,Generic,Cooking Oil1l,E-Mart,1l,1.0,litres,1.0,0.0,360.0,0.0,360.0,2026-09-21,http://e-mart.co.ke/pika-cooking-oil-1l?search=cooking%20oil&category_id=0&page=8
butterfly gram flour 2kg,Wheat Flour,Generic,Wheat Flour2kg,E-Mart,2kg,2.0,kg,2.0,0.0,1030.0,0.0,515.0,2026-09-21,http://e-mart.co.ke/Butterfly-Gram-Flour-2kg?search=wheat%20flour&category_id=0
dola all purpose wheat flour 2kg,Wheat Flour,Generic,Wheat Flour2kg,E-Mart,2kg,2.0,kg,2.0,0.0,160.0,0.0,80.0,2026-09-21,http://e-mart.co.ke/dola-all-purpose-wheat-flour-2kg?search=wheat%20flour&category_id=0
oboma wheat baking flour 2kg,Wheat Flour,Generic,Wheat Flour2kg,E-Mart,2kg,2.0,kg,2.0,0.0,189.0,0.0,94.5,2026-09-21,http://e-mart.co.ke/OBOMA_WHEAT_BAKING_FLOUR_2KG?search=wheat%20flour&category_id=0
pembe atta mark 1 fortified wheat flour 2kg,Wheat Flour,Generic,Wheat Flour2kg,E-Mart,2kg,2.0,kg,2.0,0.0,185.0,0.0,92.5,2026-09-21,http://e-mart.co.ke/Pembe-Atta-Mark-1-Fortified-Wheat-Flour-2kg?search=wheat%20flour&category_id=0
unga exe all purpose wheat flour 2kg,Wheat Flour,Generic,Wheat Flour2kg,E-Mart,2kg,2.0,kg,2.0,0.0,180.0,0.0,90.0,2026-09-21,http://e-mart.co.ke/unga-exe-all-purpose-flour-2kg?search=wheat%20flour&category_id=0
unga exe chapati flour 2kg,Wheat Flour,Generic,Wheat Flour2kg,E-Mart,2kg,2.0,kg,2.0,0.0,180.0,0.0,90.0,2026-09-21,http://e-mart.co.ke/unga-exe-chapati-flour-2kg?search=wheat%20flour&category_id=0
unga exe mandazi flour 2kg,Wheat Flour,Generic,Wheat Flour2kg,E-Mart,2kg,2.0,kg,2.0,0.0,185.0,0.0,92.5,2026-09-21,http://e-mart.co.ke/exe-mandazi-flour-2kg?search=wheat%20flour&category_id=0
unga exe self raising flour 2kg,Wheat Flour,Generic,Wheat Flour2kg,E-Mart,2kg,2.0,kg,2.0,0.0,185.0,0.0,92.5,2026-09-21,http://e-mart.co.ke/unga-exe-self-raising-flour-2kg?search=wheat%20flour&category_id=0
winnies pure health atta mark 1 wheat flour 2kg,Wheat Flour,Generic,Wheat Flour2kg,E-Mart,2kg,2.0,kg,2.0,0.0,260.0,0.0,130.0,2026-09-21,http://e-mart.co.ke/winnies-pure-health-atta-mark-1-wheat-flour-2kg?search=wheat%20flour&category_id=0&page=2
butterfly flour atta red 2kg,Wheat Flour,Generic,Wheat Flour2kg,E-Mart,2kg,2.0,kg,2.0,0.0,299.0,0.0,149.5,2026-09-21,http://e-mart.co.ke/Butterfly-Flour-Atta-Red-2kg?search=wheat%20flour&category_id=0&page=2
butterfly gram flour 1kg,Wheat Flour,Generic,Wheat Flour1kg,E-Mart,1kg,1.0,kg,1.0,0.0,520.0,0.0,520.0,2026-09-21,http://e-mart.co.ke/Butterfly-Gram-Flour-1kg?search=wheat%20flour&category_id=0&page=2
unga exe brown bread flour 2kg,Wheat Flour,Generic,Wheat Flour2kg,E-Mart,2kg,2.0,kg,2.0,0.0,199.0,0.0,99.5,2026-09-21,http://e-mart.co.ke/exe-brown-bread-flour-2kg?search=wheat%20flour&category_id=0&page=2
golden all purpose home baking wheat flour 1kg,Wheat Flour,Generic,Wheat Flour1kg,E-Mart,1kg,1.0,kg,1.0,0.0,105.0,0.0,105.0,2026-09-21,http://e-mart.co.ke/Golden-All-Purpose-Home-Baking-Flour-1kg?search=wheat%20flour&category_id=0&page=2
unga exe all purpose wheat flour 1kg,Wheat Flour,Generic,Wheat Flour1kg,E-Mart,1kg,1.0,kg,1.0,0.0,99.0,0.0,99.0,2026-09-21,http://e-mart.co.ke/unga-exe-all-purpose-flour-1kg?search=wheat%20flour&category_id=0&page=2
unga exe chapati flour 1kg,Wheat Flour,Generic,Wheat Flour1kg,E-Mart,1kg,1.0,kg,1.0,0.0,99.0,0.0,99.0,2026-09-21,http://e-mart.co.ke/unga-exe-chapati-flour-1kg?search=wheat%20flour&category_id=0&page=2
doves gluten free buckwheat flour 1kg,Wheat Flour,Generic,Wheat Flour1kg,E-Mart,1kg,1.0,kg,1.0,0.0,899.0,0.0,899.0,2026-09-21,http://e-mart.co.ke/doves-gluten-free-buckwheat-flour-1kg?search=wheat%20flour&category_id=0&page=2
golden all purpose home baking wheat flour 2kg,Wheat Flour,Generic,Wheat Flour2kg,E-Mart,2kg,2.0,kg,2.0,0.0,190.0,0.0,95.0,2026-09-21,http://e-mart.co.ke/Golden-All-Purpose-Home-Baking-Wheat-Flour-2kg?search=wheat%20flour&category_id=0&page=2
ajab fortified mandazi flour 2kg,Wheat Flour,Generic,Wheat Flour2kg,E-Mart,2kg,2.0,kg,2.0,0.0,180.0,0.0,90.0,2026-09-21,http://e-mart.co.ke/ajab-fortified-mandazi-flour-2kg?search=maize%20flour&category_id=0
ajab fortified self raising flour 2kg,Wheat Flour,Generic,Wheat Flour2kg,E-Mart,2kg,2.0,kg,2.0,0.0,180.0,0.0,90.0,2026-09-21,http://e-mart.co.ke/ajab-fortified-self-raising-flour-2kg?search=maize%20flour&category_id=0
ajab home baking flour 2kg,Wheat Flour,Generic,Wheat Flour2kg,E-Mart,2kg,2.0,kg,2.0,0.0,185.0,0.0,92.5,2026-09-21,http://e-mart.co.ke/ajab-home-baking-flour-2kg?search=maize%20flour&category_id=0
ajab sifted maize meal flour 2kg,Maize Meal,Generic,Maize Meal2kg,E-Mart,2kg,2.0,kg,2.0,0.0,180.0,0.0,90.0,2026-09-21,http://e-mart.co.ke/ajab-sifted-maize-meal-flour-2kg?search=maize%20flour&category_id=0
amaize maize meal flour 2kg,Maize Meal,Generic,Maize Meal2kg,E-Mart,2kg,2.0,kg,2.0,0.0,215.0,0.0,107.5,2026-09-21,http://e-mart.co.ke/amaize-maize-meal-flour-2kg?search=maize%20flour&category_id=0
dola all purpose wheat flour 2kg,Wheat Flour,Generic,Wheat Flour2kg,E-Mart,2kg,2.0,kg,2.0,0.0,160.0,0.0,80.0,2026-09-21,http://e-mart.co.ke/dola-all-purpose-wheat-flour-2kg?search=maize%20flour&category_id=0
dola premium atta mark 1 flour 2kg,Wheat Flour,Generic,Wheat Flour2kg,E-Mart,2kg,2.0,kg,2.0,0.0,180.0,0.0,90.0,2026-09-21,http://e-mart.co.ke/Dola-Atta-Mark-1-Flour-2kg?search=maize%20flour&category_id=0
dola premium chapati flour 2kg,Wheat Flour,Generic,Wheat Flour2kg,E-Mart,2kg,2.0,kg,2.0,0.0,180.0,0.0,90.0,2026-09-21,http://e-mart.co.ke/Dola-Chapati-Flour-2kg?search=maize%20flour&category_id=0
dola premium maize meal flour 2kg,Maize Meal,Generic,Maize Meal2kg,E-Mart,2kg,2.0,kg,2.0,0.0,175.0,0.0,87.5,2026-09-21,http://e-mart.co.ke/dola-maize-meal-flour-2kg?search=maize%20flour&category_id=0
dola premium maize meal flour 5kg,Maize Meal,Generic,Maize Meal5kg,E-Mart,5kg,5.0,kg,5.0,0.0,440.0,0.0,88.0,2026-09-21,http://e-mart.co.ke/dola-maize-meal-flour-5kg?search=maize%20flour&category_id=0
dola vegetable cooking oil 5litres,Cooking Oil,Generic,Cooking Oil5l,E-Mart,5l,5.0,litres,5.0,0.0,1750.0,0.0,350.0,2026-09-21,http://e-mart.co.ke/dola-cooking-oil-5litres?search=maize%20flour&category_id=0
hostess maize flour 2kg,Maize Meal,Generic,Maize Meal2kg,E-Mart,2kg,2.0,kg,2.0,0.0,199.0,0.0,99.5,2026-09-21,http://e-mart.co.ke/hostess-maize-flour-2kg?search=maize%20flour&category_id=0
jogoo fortified maize meal flour 10kg,Maize Meal,Generic,Maize Meal10kg,E-Mart,10kg,10.0,kg,10.0,0.0,860.0,0.0,86.0,2026-09-21,http://e-mart.co.ke/jogoo-maize-meal-flour-10kg?search=maize%20flour&category_id=0&page=2
jogoo fortified maize meal flour 2kg,Maize Meal,Generic,Maize Meal2kg,E-Mart,2kg,2.0,kg,2.0,0.0,175.0,0.0,87.5,2026-09-21,http://e-mart.co.ke/jogoo-maize-meal-flour-2kg?search=maize%20flour&category_id=0&page=2
jogoo fortified maize meal flour 5kg,Maize Meal,Generic,Maize Meal5kg,E-Mart,5kg,5.0,kg,5.0,0.0,435.0,0.0,87.0,2026-09-21,http://e-mart.co.ke/jogoo-maize-meal-flour-5kg?search=maize%20flour&category_id=0&page=2
live life well organic maize flour 750g,Maize Meal,Generic,Maize Meal750g,E-Mart,750g,750.0,kg,0.75,0.0,949.0,0.0,1265.3333333333333,2026-09-21,http://e-mart.co.ke/live-life-well-organic-maize-flour-750g?search=maize%20flour&category_id=0&page=2
pembe all purpose home baking flour 2kg,Wheat Flour,Generic,Wheat Flour2kg,E-Mart,2kg,2.0,kg,2.0,0.0,175.0,0.0,87.5,2026-09-21,http://e-mart.co.ke/pembe-all-purpose-home-baking-flour-2kg?search=maize%20flour&category_id=0&page=2
pembe atta mark 1 fortified wheat flour 2kg,Wheat Flour,Generic,Wheat Flour2kg,E-Mart,2kg,2.0,kg,2.0,0.0,185.0,0.0,92.5,2026-09-21,http://e-mart.co.ke/Pembe-Atta-Mark-1-Fortified-Wheat-Flour-2kg?search=maize%20flour&category_id=0&page=2
pembe fortified self raising flour 2kg,Wheat Flour,Generic,Wheat Flour2kg,E-Mart,2kg,2.0,kg,2.0,0.0,180.0,0.0,90.0,2026-09-21,http://e-mart.co.ke/Pembe-Fortified-Self-Raising-Flour-2kg?search=maize%20flour&category_id=0&page=2
pembe maize meal flour 10kg,Maize Meal,Generic,Maize Meal10kg,E-Mart,10kg,10.0,kg,10.0,0.0,850.0,0.0,85.0,2026-09-21,http://e-mart.co.ke/pembe-maize-meal-flour-10kg?search=maize%20flour&category_id=0&page=2
pembe maize meal flour 2kg,Maize Meal,Generic,Maize Meal2kg,E-Mart,2kg,2.0,kg,2.0,0.0,170.0,0.0,85.0,2026-09-21,http://e-mart.co.ke/Pembe-Maize-Meal-Flour-2kg?search=maize%20flour&category_id=0&page=2
pembe maize meal flour 5kg,Maize Meal,Generic,Maize Meal5kg,E-Mart,5kg,5.0,kg,5.0,0.0,440.0,0.0,88.0,2026-09-21,http://e-mart.co.ke/pembe-maize-meal-flour-5kg?search=maize%20flour&category_id=0&page=2
pembe pure wimbi porridge flour 1kg,Wheat Flour,Generic,Wheat Flour1kg,E-Mart,1kg,1.0,kg,1.0,0.0,180.0,0.0,180.0,2026-09-21,http://e-mart.co.ke/Pembe-Wimbi-Porridge-Flour-1kg?search=maize%20flour&category_id=0&page=2
soko maize meal flour 10kg,Maize Meal,Generic,Maize Meal10kg,E-Mart,10kg,10.0,kg,10.0,0.0,890.0,0.0,89.0,2026-09-21,http://e-mart.co.ke/soko-maize-flour-10kg?search=maize%20flour&category_id=0&page=2
soko maize meal flour 2kg,Maize Meal,Generic,Maize Meal2kg,E-Mart,2kg,2.0,kg,2.0,0.0,185.0,0.0,92.5,2026-09-21,http://e-mart.co.ke/soko-maize-flour-2kg?search=maize%20flour&category_id=0&page=3
soko maize meal flour 5kg,Maize Meal,Generic,Maize Meal5kg,E-Mart,5kg,5.0,kg,5.0,0.0,470.0,0.0,94.0,2026-09-21,http://e-mart.co.ke/soko-unga-maize-meal-5kg-bag?search=maize%20flour&category_id=0&page=3
soko nutrigo whole grain maize meal flour 2kg,Maize Meal,Generic,Maize Meal2kg,E-Mart,2kg,2.0,kg,2.0,0.0,300.0,0.0,150.0,2026-09-21,http://e-mart.co.ke/soko-nutrigo-whole-grain-maize-meal-flour-2kg?search=maize%20flour&category_id=0&page=3
dola gold superior maize flour 2kg,Maize Meal,Generic,Maize Meal2kg,E-Mart,2kg,2.0,kg,2.0,0.0,235.0,0.0,117.5,2026-09-21,http://e-mart.co.ke/Dola-Gold-Superior-Maize-Flour-2kg?search=maize%20flour&category_id=0&page=3
dola premium maize meal flour 1kg,Maize Meal,Generic,Maize Meal1kg,E-Mart,1kg,1.0,kg,1.0,0.0,90.0,0.0,90.0,2026-09-21,http://e-mart.co.ke/Dola-Maize-Meal-Flour-1kg?search=maize%20flour&category_id=0&page=3
jogoo fortified maize meal flour 1kg,Maize Meal,Generic,Maize Meal1kg,E-Mart,1kg,1.0,kg,1.0,0.0,90.0,0.0,90.0,2026-09-21,http://e-mart.co.ke/Jogoo-Maize-Meal-Flour-1kg?search=maize%20flour&category_id=0&page=3
pembe all purpose home baking flour 1kg,Wheat Flour,Generic,Wheat Flour1kg,E-Mart,1kg,1.0,kg,1.0,0.0,95.0,0.0,95.0,2026-09-21,http://e-mart.co.ke/pembe-all-purpose-home-baking-flour-1kg?search=maize%20flour&category_id=0&page=3
pembe maize meal flour 1kg,Maize Meal,Generic,Maize Meal1kg,E-Mart,1kg,1.0,kg,1.0,0.0,90.0,0.0,90.0,2026-09-21,http://e-mart.co.ke/Pembe-Maize-Meal-Flour-1kg?search=maize%20flour&category_id=0&page=3
soko maize meal flour 1kg,Maize Meal,Generic,Maize Meal1kg,E-Mart,1kg,1.0,kg,1.0,0.0,90.0,0.0,90.0,2026-09-21,http://e-mart.co.ke/Soko-Maize-Meal-Flour-1kg?search=maize%20flour&category_id=0&page=3
ajab fortified atta mark 1 flour 2kg,Wheat Flour,Generic,Wheat Flour2kg,E-Mart,2kg,2.0,kg,2.0,0.0,219.0,0.0,109.5,2026-09-21,http://e-mart.co.ke/Ajaba-Fortified-Atta-Mark-1-Flour-2kg?search=maize%20flour&category_id=0&page=3
kifaru maize meal flour 2kg,Maize Meal,Generic,Maize Meal2kg,E-Mart,2kg,2.0,kg,2.0,0.0,199.0,0.0,99.5,2026-09-21,http://e-mart.co.ke/kifaru-maize-meal-2kg?search=maize%20flour&category_id=0&page=3
