sku,E-Mart,Naivas,Quickmart
Bread200g,1350.0,170.0,170.0
Bread400g,162.5,162.5,162.5
Bread5kg,48.0,48.0,41.0
Bread600g,166.66666666666669,163.33333333333334,162.5
Bread800g,162.5,151.25,165.625
Rice2kg,290.0,277.0,239.0
Rice5kg,300.0,259.8,229.7
Sugar500g,300.0,469.0,264.0
Wheat Flour2kg,515.0,86.0,87.0
