store,0
E-Mart,1.3950644464916813
Naivas,1.0152571351814175
Quickmart,1.0057272347420902
