store,0
E-Mart,1.4557751260435214
Naivas,1.007013753015616
Quickmart,0.9867643193063084
