store,0
E-Mart,1.163071112187844
Naivas,0.97341917598386
Quickmart,0.9654908022336637
