store,0
E-Mart,1.3842007502213534
Naivas,1.039153549566573
Quickmart,0.9526051172648993
