store,0
E-Mart,1.454023186400742
Naivas,1.0270799617291697
Quickmart,0.9288619447068741
