store,0
E-Mart,1.3749659598493333
Naivas,0.997347221134027
Quickmart,0.9917638008243218
