store,0
Naivas,1.0471460658009395
Quickmart,0.9528539341990604
