store,0
E-Mart,1.0314975721952466
Naivas,1.0
Quickmart,0.9807692307692308
