store,0
E-Mart,1.154255537237128
Naivas,0.9794612558001583
Quickmart,0.9624058536071898
