store,0
E-Mart,1.0443825745168687
Naivas,1.0
Quickmart,0.9929577464788732
