store,0
E-Mart,1.1750083339075788
Naivas,0.9668717718459984
Quickmart,0.9618617491581263
