store,0
E-Mart,1.3802732500679091
Naivas,1.0069521243647352
Quickmart,0.9423006265642299
