store,0
E-Mart,1.383554657365852
Naivas,1.0132213311093987
Quickmart,0.9699441676589897
