store,0
Naivas,1.0250709935571602
Quickmart,0.9749290064428398
