store,0
E-Mart,1.38324207500361
Naivas,1.02475645112494
Quickmart,0.9552596718110395
