store,0
E-Mart,1.0518272425249169
Naivas,0.9928571428571429
Quickmart,1.0
