store,0
E-Mart,1.392764488877875
Naivas,1.0157912743931883
Quickmart,0.9625914615672411
