store,0
E-Mart,1.0715885320536485
Naivas,0.9911228689006467
Quickmart,1.0
