store,0
E-Mart,1.3668274777269132
Naivas,1.0135556690951069
Quickmart,0.9710444228746244
