store,0
E-Mart,1.1441426136590658
Naivas,1.0024986196704915
Quickmart,0.9624326860687086
