store,0
E-Mart,1.1282626464105223
Naivas,1.0009314490968448
Quickmart,0.9284140538664791
