store,0
E-Mart,1.099069891520462
Naivas,0.9245724556422121
Quickmart,1.0143187066974597
