store,0
E-Mart,1.144045022612079
Naivas,0.9983405687479384
Quickmart,0.968377311727519
