store,0
E-Mart,1.1735839708816669
Naivas,0.9719702155669291
Quickmart,0.9591894020327093
