store,0
E-Mart,1.0761361800058902
Naivas,0.97044621365337
Quickmart,0.9976401575105578
