store,0
E-Mart,1.3694473608779947
Naivas,1.0074895752593764
Quickmart,0.9741192492411163
