store,0
E-Mart,1.3663978174482558
Naivas,0.9977192569923871
Quickmart,1.0024067922846505
