store,0
E-Mart,1.372375705140385
Naivas,1.030839369802158
Quickmart,0.9595271544503624
