store,0
E-Mart,1.356285926214989
Naivas,1.0230517398537824
Quickmart,0.9698144543048076
