store,0
E-Mart,1.1224917911319467
Naivas,0.994958304796512
Quickmart,0.945361924491674
