store,0
E-Mart,1.0933231726339498
Naivas,0.9652766352837491
Quickmart,0.9730884037774272
