store,0
E-Mart,1.352780784326271
Naivas,0.9837976644125841
Quickmart,0.9351835014058761
