store,0
E-Mart,1.1670451163934341
Naivas,0.9915875215760266
Quickmart,0.950579836688424
