store,0
E-Mart,1.393015070148397
Naivas,1.0219929608551317
Quickmart,1.0028749546651725
