store,0
E-Mart,2.342532298085143
Naivas,1.0536231456921115
Quickmart,0.9439169918865262
