store,0
E-Mart,1.3929462777207724
Naivas,1.0174033592090597
Quickmart,0.9676566550416278
