store,0
E-Mart,1.356535080594287
Naivas,0.9806468063771475
Quickmart,0.9996779501848172
