store,0
E-Mart,1.3317179974696172
Naivas,0.995449108424124
Quickmart,0.9813309954475945
