store,0
E-Mart,1.1481366642176392
Naivas,0.9799701962360098
Quickmart,0.9570941276913028
