store,0
E-Mart,1.0871667476970845
Naivas,0.9695569627158321
Quickmart,0.9759936166091919
