store,0
E-Mart,1.3803781293808333
Naivas,1.0224607537498922
Quickmart,0.9969215222215355
