store,0
E-Mart,1.0666254200482828
Naivas,0.9958847736625515
Quickmart,0.9953051643192489
