store,0
E-Mart,1.4318431142116614
Naivas,1.0610252666658704
Quickmart,0.9215151393341325
