store,0
E-Mart,1.4201629925602028
Naivas,1.0155533543554662
Quickmart,0.9853805668114859
