store,0
E-Mart,1.1882697146145393
Naivas,0.9714629728917852
Quickmart,0.9685813413775469
