store,0
E-Mart,1.1255859819731509
Naivas,1.0978937170658625
Quickmart,0.9138238075956333
