store,0
E-Mart,1.1303433165843948
Naivas,1.1303432567988358
Quickmart,0.9121829195035426
