store,0
E-Mart,1.1607522089615765
Naivas,1.1799109130953198
Quickmart,0.8773814834180862
