store,0
E-Mart,1.1197189329412407
Naivas,1.137299540953717
Quickmart,0.9126515870151495
