store,0
E-Mart,1.1722120286905586
Naivas,1.0087082750514254
Quickmart,0.9994905038400779
