store,0
E-Mart,1.505945999365742
Naivas,1.0352312673106738
Quickmart,0.9524101087517289
