store,0
E-Mart,1.0667257651739435
Naivas,0.9880641762823282
Quickmart,1.0041750571919936
