store,0
E-Mart,1.331531550489724
Naivas,1.000324933621184
Quickmart,0.9996501083860304
