store,0
E-Mart,1.3874662427849214
Naivas,0.9787666982869984
Quickmart,0.9544663779017459
