store,0
Naivas,1.1013843225507063
Quickmart,0.8986156774492938
