store,0
E-Mart,1.117163443307282
Naivas,0.9949367216265024
Quickmart,1.2129879419623544
