store,0
E-Mart,1.3517850030174268
Naivas,0.9744229172259038
Quickmart,0.9894657682265393
