store,0
E-Mart,1.1153620011515948
Naivas,0.9965888658242641
Quickmart,0.9408014245445726
