store,0
E-Mart,1.1696577117048783
Naivas,0.9712821238424036
Quickmart,0.9518748922657413
