store,0
E-Mart,1.160685893227858
Naivas,0.9801877492204382
Quickmart,0.9387465715790511
