store,0
E-Mart,1.0462388241222886
Naivas,0.9897106579691765
Quickmart,0.9391543608408948
