store,0
E-Mart,1.375000247205462
Naivas,0.9915149506104372
Quickmart,0.9716381698382938
