store,0
E-Mart,1.4434997423141738
Naivas,1.065457659223811
Quickmart,0.9612643489375644
