store,0
E-Mart,1.1281328542181428
Naivas,1.1685370148490166
Quickmart,0.9010858833423513
