store,0
E-Mart,1.1633775862522369
Naivas,0.9814183560919831
Quickmart,0.9368429327358719
