store,0
E-Mart,1.3534320837550027
Naivas,1.0442296681035386
Quickmart,0.9409953050160469
