store,0
E-Mart,1.3956606248231997
Naivas,1.0091752011224362
Quickmart,0.9448945004047873
