store,0
E-Mart,1.158621949457807
Naivas,0.965119777395372
Quickmart,0.9743333711492483
