store,0
E-Mart,1.3617592808071575
Naivas,1.0406751866573245
Quickmart,0.9577330865614074
