store,0
E-Mart,1.3891799880246711
Naivas,1.0182477658185969
Quickmart,1.0044413940519334
