store,0
E-Mart,1.3691915951636984
Naivas,1.0314088975213962
Quickmart,1.0346174571160505
