store,0
E-Mart,1.1196811510381532
Naivas,0.9959763659047522
Quickmart,0.9528844099498975
