store,0
E-Mart,1.1664812302219127
Naivas,0.9815558252146315
Quickmart,0.9427096776991032
