store,0
E-Mart,1.3828327042134096
Naivas,1.016541863643874
Quickmart,0.9981342770378755
