store,0
E-Mart,1.394706694828188
Naivas,1.041472809683321
Quickmart,0.9581546809951822
