store,0
E-Mart,1.3608010993084103
Naivas,0.9943824722175888
Quickmart,1.0175059803899875
