store,0
E-Mart,1.0666254200482828
Naivas,0.9855967078189302
Quickmart,0.9953051643192489
