store,0
E-Mart,1.395655607730671
Naivas,1.0306861752895513
Quickmart,0.9570935997439061
