store,0
E-Mart,1.333176362624855
Naivas,0.9724389486938517
Quickmart,1.0044452678573061
