store,0
E-Mart,1.1784762822114105
Naivas,0.9895993024495499
Quickmart,0.9978383462896829
