store,0
Naivas,1.0273003681886141
Quickmart,0.9726996318113859
