store,0
E-Mart,1.144230215992657
Naivas,1.0346872552156894
Quickmart,0.9677827322953201
