store,0
E-Mart,1.1463042955061105
Naivas,1.0039459892179698
Quickmart,0.9706988136801035
