store,0
E-Mart,1.1399834899439454
Naivas,1.1619457830689188
Quickmart,0.885985971382007
