store,0
E-Mart,1.454533718471702
Naivas,0.9957644309628826
Quickmart,0.9807632632206448
