store,0
E-Mart,1.155199150765953
Naivas,1.0010924016534586
Quickmart,0.9898988670641448
