store,0
E-Mart,1.3884395994148737
Naivas,1.0286025243317711
Quickmart,1.0054653040390786
