store,0
E-Mart,1.3652332189252514
Naivas,1.0282154694977443
Quickmart,0.978724790617692
