store,0
E-Mart,1.384386564434695
Naivas,1.0100727528843985
Quickmart,0.9655303957542949
