store,0
E-Mart,1.0899077453420756
Naivas,0.9684879336869427
Quickmart,0.9692496035057394
