store,0
E-Mart,1.3361869858425108
Naivas,0.9975865342381256
Quickmart,0.9807406967857726
