store,0
E-Mart,1.1220646691000349
Naivas,1.1632530951906759
Quickmart,0.8938599922310957
