store,0
E-Mart,1.380574746045422
Naivas,1.0102531690605427
Quickmart,0.9915313672196345
