store,0
E-Mart,1.0662684369134516
Naivas,0.98721261802165
Quickmart,0.9817831530742479
