store,0
E-Mart,1.5697517287923775
Naivas,0.9924262702327143
Quickmart,1.014733949875461
