store,0
E-Mart,1.3875378629407484
Naivas,0.9771566375210423
Quickmart,0.9560305126757916
